hCoV-19/Bangladesh/IEDCR-icddrb-GSB02-061/2021|EPI_ISL_8929492|2021-12-27
hCoV-19/Bangladesh/BSMMU-06/2022|EPI_ISL_10894053|2022-01
hCoV-19/Bangladesh/BSMMU_Laila_1119/2022|EPI_ISL_13902651|2022-06-23
hCoV-19/Bangladesh/BSMMU_Laila_1120/2022|EPI_ISL_13902652|2022-06-23
hCoV-19/Bangladesh/CHRF-0966/2022|EPI_ISL_9594569|2022-01-10
hCoV-19/Bangladesh/icddrb-G137921/2022|EPI_ISL_10406993|2022-02-05
hCoV-19/Bangladesh/icddrb-GSB07-080/2022|EPI_ISL_9697251|2022-01-03
hCoV-19/Bangladesh/icddrb-GSB09-070/2022|EPI_ISL_9697265|2022-01-14
hCoV-19/Bangladesh/icddrb-GSB09-067/2022|EPI_ISL_9697263|2022-01-10
hCoV-19/Bangladesh/icddrb-GSB05-075/2022|EPI_ISL_9697246|2022-01-04
hCoV-19/Bangladesh/icddrb-GSB05-078/2022|EPI_ISL_9697247|2022-01-12
hCoV-19/Bangladesh/icddrb-GSB14-160/2022|EPI_ISL_9697277|2022-01-08
hCoV-19/Bangladesh/icddrb-GSB14-204/2022|EPI_ISL_9697283|2022-01-13
hCoV-19/Bangladesh/icddrb-G138335/2022|EPI_ISL_10406994|2022-02-05
hCoV-19/Bangladesh/BCSIR-BSMMU-07/2022|EPI_ISL_9714277|2022-01-26
hCoV-19/Bangladesh/BCSIR-BSMMU-10/2022|EPI_ISL_9714337|2022-01-26
hCoV-19/Bangladesh/BCSIR-BSMMU-04/2022|EPI_ISL_9714192|2022-01-26
hCoV-19/Bangladesh/icddrb-GSB-03-222/2022|EPI_ISL_10407029|2022-02-13
hCoV-19/Bangladesh/icddrb-GSB10-115/2022|EPI_ISL_9697270|2022-01-14
hCoV-19/Bangladesh/BSMMU_Laila_973/2022|EPI_ISL_12969607|2022-01-18
hCoV-19/Bangladesh/BSMMU_Laila_1024/2022|EPI_ISL_12428368|2022-01-19
hCoV-19/Bangladesh/BSMMU_Laila_1030/2022|EPI_ISL_12980381|2022-01-31
hCoV-19/Bangladesh/BSMMU_Laila_1032/2022|EPI_ISL_12980384|2022-01-31
hCoV-19/Bangladesh/BSMMU_Laila_1031/2022|EPI_ISL_12980383|2022-01-31
hCoV-19/Bangladesh/BSMMU_Laila_1033/2022|EPI_ISL_12980385|2022-02-01
hCoV-19/Bangladesh/BSMMU_Laila_1053/2022|EPI_ISL_12980387|2022-02-02
hCoV-19/Bangladesh/BSMMU_Laila_976/2022|EPI_ISL_12700661|2022-01-18
hCoV-19/Bangladesh/BSMMU_Laila_841/2022|EPI_ISL_12646729|2022-01-14
hCoV-19/Bangladesh/BSMMU_Laila_1040/2022|EPI_ISL_12428378|2022-01-31
hCoV-19/Bangladesh/BSMMU_Laila_861/2022|EPI_ISL_12278914|2022-01-15
hCoV-19/Bangladesh/BSMMU_Laila_875/2022|EPI_ISL_12279305|2022-01-13
hCoV-19/Bangladesh/icddrb-GSB08-117/2022|EPI_ISL_11516762|2022-02-14
hCoV-19/Bangladesh/BCSIR-DU-412/2022|EPI_ISL_11309976|2022-01-24
hCoV-19/Bangladesh/BSMMU_Laila_967/2022|EPI_ISL_12335163|2022-01-31
hCoV-19/Bangladesh/BSMMU_Laila_984/2022|EPI_ISL_12335303|2022-01-19
hCoV-19/Bangladesh/BSMMU_Laila_1051/2022|EPI_ISL_12511654|2022-02-01
hCoV-19/Bangladesh/BSMMU_Laila_846/2022|EPI_ISL_12278908|2022-01-10
hCoV-19/Bangladesh/CHRF-GSB14-252/2022|EPI_ISL_11204804|2022-02-16
hCoV-19/Bangladesh/icddrb-SF401/2022|EPI_ISL_11204843|2022-03-03
hCoV-19/Bangladesh/CHRF-1243/2022|EPI_ISL_13578789|2022-06-20
hCoV-19/Bangladesh/BCSIR-DU-410/2022|EPI_ISL_11309879|2022-01-24
hCoV-19/Bangladesh/BSMMU_Laila_780/2022|EPI_ISL_12240930|2022-01-10
hCoV-19/Bangladesh/icddrb-GAC2-368/2022|EPI_ISL_12845628|2022-01-17
hCoV-19/Bangladesh/BSMMU-23/2022|EPI_ISL_10894061|2022-01
hCoV-19/Bangladesh/icddrb-GSB08-093/2022|EPI_ISL_9697261|2022-01-13
hCoV-19/Bangladesh/icddrb-CoV12225/2022|EPI_ISL_14018991|2022-07-17
hCoV-19/Bangladesh/icddrb-G145634/2022|EPI_ISL_14019000|2022-06-28
hCoV-19/Bangladesh/icddrb-CoV11896/2022|EPI_ISL_14018971|2022-06-26
hCoV-19/Bangladesh/icddrb-G145061/2022|EPI_ISL_14018992|2022-06-25
hCoV-19/Bangladesh/icddrb-CoV12220/2022|EPI_ISL_14018989|2022-07-14
hCoV-19/Bangladesh/icddrb-CoV12211/2022|EPI_ISL_14018984|2022-07-12
hCoV-19/Bangladesh/icddrb-CoV12174/2022|EPI_ISL_14018981|2022-07-06
hCoV-19/Bangladesh/icddrb-G145462/2022|EPI_ISL_14018998|2022-06-27
hCoV-19/Bangladesh/icddrb-G145434/2022|EPI_ISL_14018997|2022-06-27
hCoV-19/Bangladesh/icddrb-G145331/2022|EPI_ISL_14018996|2022-06-26
hCoV-19/Bangladesh/icddrb-CoV12164/2022|EPI_ISL_14018979|2022-07-05
hCoV-19/Bangladesh/icddrb-G146012/2022|EPI_ISL_14019006|2022-06-30
hCoV-19/Bangladesh/icddrb-G146082/2022|EPI_ISL_14019007|2022-06-30
hCoV-19/Bangladesh/icddrb-G146253/2022|EPI_ISL_14019008|2022-07-02
hCoV-19/Bangladesh/icddrb-G146301/2022|EPI_ISL_14019009|2022-07-02
hCoV-19/Bangladesh/icddrb-G145516/2022|EPI_ISL_14026882|2022-06-28
hCoV-19/Bangladesh/icddrb-CoV12350/2022|EPI_ISL_15157640|2022-09-21
hCoV-19/Bangladesh/icddrb-G149112/2022|EPI_ISL_15157661|2022-09-15
hCoV-19/Bangladesh/icddrb-GAC2-386/2022|EPI_ISL_12845616|2022-01-16
hCoV-19/Bangladesh/icddrb-GAC2-360/2021|EPI_ISL_12845617|2021-12-30
hCoV-19/Bangladesh/BCSIR-BSMMU-33/2022|EPI_ISL_10707317|2022-01-27
hCoV-19/Bangladesh/BCSIR-BSMMU-15/2022|EPI_ISL_9832262|2022-01-26
hCoV-19/Bangladesh/BCSIR-BSMMU-14/2022|EPI_ISL_9832261|2022-01-26
hCoV-19/Bangladesh/BCSIR-BSMMU-27/2022|EPI_ISL_9837719|2022-01-27
hCoV-19/Bangladesh/BCSIR-BSMMU-25/2022|EPI_ISL_9837717|2022-01-27
hCoV-19/Bangladesh/BCSIR-CU-05/2022|EPI_ISL_11434922|2022-02-01
hCoV-19/Bangladesh/BCSIR-CU-03/2022|EPI_ISL_11434920|2022-02-01
hCoV-19/Bangladesh/BCSIR-CU-04/2022|EPI_ISL_11434921|2022-02-02
hCoV-19/Bangladesh/BCSIR-CU-12/2022|EPI_ISL_11436712|2022-02-01
hCoV-19/Bangladesh/BCSIR-CU-09/2022|EPI_ISL_11435984|2022-02-01
hCoV-19/Bangladesh/CHRF-GSB16-081/2022|EPI_ISL_9845369|2022-01-27
hCoV-19/Bangladesh/CHRF-GSB14-223/2022|EPI_ISL_9845361|2022-01-19
hCoV-19/Bangladesh/CHRF-GSB16-071/2022|EPI_ISL_9845365|2022-01-17
hCoV-19/Bangladesh/CHRF-GSB04-119/2022|EPI_ISL_9845350|2022-01-23
hCoV-19/Bangladesh/CHRF-GSB14-245/2022|EPI_ISL_11204801|2022-02-16
hCoV-19/Bangladesh/icddrb-GSB11-146/2021|EPI_ISL_8996828|2021-12-20
hCoV-19/Bangladesh/BCSIR-BSMMU-31/2022|EPI_ISL_9885951|2022-01-27
hCoV-19/Bangladesh/BCSIR-DU-401/2022|EPI_ISL_11507467|2022-01-23
hCoV-19/Bangladesh/icddrb-GSB05-094/2022|EPI_ISL_11516752|2022-02-14
hCoV-19/Bangladesh/icddrb-GSB05-097/2022|EPI_ISL_11516755|2022-02-15
hCoV-19/Bangladesh/icddrb-G142774/2022|EPI_ISL_11516751|2022-03-09
hCoV-19/Bangladesh/icddrb-GSB09-098/2022|EPI_ISL_11516774|2022-02-17
hCoV-19/Bangladesh/icddrb-GSB09-100/2022|EPI_ISL_11516776|2022-02-16
hCoV-19/Bangladesh/icddrb-GSB09-101/2022|EPI_ISL_11516777|2022-02-17
hCoV-19/Bangladesh/icddrb-GSB09-103/2022|EPI_ISL_11516779|2022-02-17
hCoV-19/Bangladesh/icddrb-GSB08-125/2022|EPI_ISL_11516770|2022-02-21
hCoV-19/Bangladesh/icddrb-GSB08-126/2022|EPI_ISL_11516771|2022-02-22
hCoV-19/Bangladesh/icddrb-GSB09-096/2022|EPI_ISL_11516772|2022-02-16
hCoV-19/Bangladesh/icddrb-GSB09-097/2022|EPI_ISL_11516773|2022-02-16
hCoV-19/Bangladesh/icddrb-GSB08-118/2022|EPI_ISL_11516763|2022-02-14
hCoV-19/Bangladesh/icddrb-GSB08-119/2022|EPI_ISL_11516764|2022-02-14
hCoV-19/Bangladesh/icddrb-GSB08-120/2022|EPI_ISL_11516765|2022-02-15
hCoV-19/Bangladesh/icddrb-GSB08-121/2022|EPI_ISL_11516766|2022-02-17
hCoV-19/Bangladesh/icddrb-GSB08-123/2022|EPI_ISL_11516768|2022-02-20
hCoV-19/Bangladesh/icddrb-GSB08-124/2022|EPI_ISL_11516769|2022-02-21
hCoV-19/Bangladesh/icddrb-GSB06-151/2022|EPI_ISL_11516760|2022-02-22
hCoV-19/Bangladesh/icddrb-GSB10-156/2022|EPI_ISL_11516788|2022-02-28
hCoV-19/Bangladesh/icddrb-GSB10-157/2022|EPI_ISL_11516789|2022-02-20
hCoV-19/Bangladesh/icddrb-GSB09-105/2022|EPI_ISL_11516781|2022-02-19
hCoV-19/Bangladesh/icddrb-GSB09-106/2022|EPI_ISL_11516782|2022-02-26
hCoV-19/Bangladesh/icddrb-GSB10-149/2022|EPI_ISL_11516783|2022-02-16
hCoV-19/Bangladesh/icddrb-GSB10-150/2022|EPI_ISL_11516784|2022-02-16
hCoV-19/Bangladesh/BSMMU_Laila_693/2022|EPI_ISL_12235105|2022-01-01
hCoV-19/Bangladesh/icddrb-GSB10-142/2022|EPI_ISL_11204807|2022-02-06
hCoV-19/Bangladesh/icddrb-GSB10-148/2022|EPI_ISL_11558741|2022-02-16
hCoV-19/Bangladesh/icddrb-G139431/2022|EPI_ISL_10407007|2022-02-09
hCoV-19/Bangladesh/icddrb-GSB10-143/2022|EPI_ISL_11204808|2022-02-06
hCoV-19/Bangladesh/icddrb-GSB11-245/2022|EPI_ISL_11204810|2022-02-01
hCoV-19/Bangladesh/icddrb-GSB11-247/2022|EPI_ISL_11204811|2022-02-01
hCoV-19/Bangladesh/icddrb-GSB11-248/2022|EPI_ISL_11204812|2022-02-03
hCoV-19/Bangladesh/icddrb-GSB13-187/2022|EPI_ISL_13408127|2022-05-28
hCoV-19/Bangladesh/icddrb-GSB14-268/2022|EPI_ISL_13408130|2022-05-08
hCoV-19/Bangladesh/icddrb-GSB14-270/2022|EPI_ISL_13408131|2022-05-18
hCoV-19/Bangladesh/icddrb-GSB11-249/2022|EPI_ISL_11204813|2022-02-07
hCoV-19/Bangladesh/icddrb-GSB12-090/2022|EPI_ISL_11204814|2022-02-02
hCoV-19/Bangladesh/icddrb-GAC2-385/2022|EPI_ISL_12845620|2022-01-10
hCoV-19/Bangladesh/CHRF-GSB07-117/2022|EPI_ISL_11704652|2022-03-02
hCoV-19/Bangladesh/CHRF-GSB05-101/2022|EPI_ISL_11704657|2022-03-09
hCoV-19/Bangladesh/CHRF-GSB10-159/2022|EPI_ISL_11704655|2022-03-08
hCoV-19/Bangladesh/CHRF-GSB04-153/2022|EPI_ISL_11704654|2022-03-03
hCoV-19/Bangladesh/icddrb-GAC2-381/2022|EPI_ISL_13477152|2022-02-07
hCoV-19/Bangladesh/BSMMU_Laila_865/2022|EPI_ISL_12278920|2022-01-18
hCoV-19/Bangladesh/icddrb-GAC2-374/2022|EPI_ISL_12845621|2022-01-16
hCoV-19/Bangladesh/BCSIR- 37/2022|EPI_ISL_11719639|2022-02-04
hCoV-19/Bangladesh/BCSIR- 34/2022|EPI_ISL_11718306|2022-02-03
hCoV-19/Bangladesh/BCSIR-35/2022|EPI_ISL_11718544|2022-02-04
hCoV-19/Bangladesh/BCSIR- 38/2022|EPI_ISL_11719838|2022-02-04
hCoV-19/Bangladesh/icddrb-GSB14-242/2022|EPI_ISL_11204823|2022-02-07
hCoV-19/Bangladesh/icddrb-GSB15-184/2022|EPI_ISL_11204824|2022-02-02
hCoV-19/Bangladesh/BSMMU_Laila_887/2022|EPI_ISL_12279826|2022-01-17
hCoV-19/Bangladesh/CHRF-1236/2022|EPI_ISL_13578785|2022-06-16
hCoV-19/Bangladesh/CHRF-1240/2022|EPI_ISL_13578786|2022-06-18
hCoV-19/Bangladesh/CHRF-1234/2022|EPI_ISL_13578783|2022-06-16
hCoV-19/Bangladesh/CHRF-1235/2022|EPI_ISL_13578784|2022-06-16
hCoV-19/Bangladesh/CHRF-1241/2022|EPI_ISL_13578787|2022-06-20
hCoV-19/Bangladesh/CHRF-1242/2022|EPI_ISL_13578788|2022-06-20
hCoV-19/Bangladesh/CHRF-1244/2022|EPI_ISL_13578790|2022-06-20
hCoV-19/Bangladesh/IEDCR-icddrb-GSB02-074/2022|EPI_ISL_10093688|2022-01-17
hCoV-19/Bangladesh/IEDCR-icddrb-GSB01-241/2022|EPI_ISL_10093698|2022-01-23
hCoV-19/Bangladesh/IEDCR-icddrb-GSB01-237/2022|EPI_ISL_10093691|2022-01-19
hCoV-19/Bangladesh/IEDCR-icddrb-GSB07-089/2022|EPI_ISL_10093692|2022-01-19
hCoV-19/Bangladesh/IEDCR-icddrb-GSB07-095/2022|EPI_ISL_10093695|2022-01-22
hCoV-19/Bangladesh/IEDCR-icddrb-GSB07-093/2022|EPI_ISL_10093694|2022-01-22
hCoV-19/Bangladesh/IEDCR-icddrb-GSB07-098/2022|EPI_ISL_10093697|2022-01-22
hCoV-19/Bangladesh/IEDCR-icddrb-GSB15-167/2022|EPI_ISL_10093701|2022-01-26
hCoV-19/Bangladesh/IEDCR-icddrb-GSB05-082/2022|EPI_ISL_10093700|2022-01-25
hCoV-19/Bangladesh/IEDCR-icddrb-GSB02-082/2022|EPI_ISL_10093702|2022-01-27
hCoV-19/Bangladesh/IEDCR-icddrb-GSB15-173/2022|EPI_ISL_10093705|2022-01-28
hCoV-19/Bangladesh/IEDCR-icddrb-GSB01-246/2022|EPI_ISL_10093704|2022-01-28
hCoV-19/Bangladesh/IEDCR-icddrb-GSB01-247/2022|EPI_ISL_10093707|2022-01-29
hCoV-19/Bangladesh/IEDCR-icddrb-GSB15-174/2022|EPI_ISL_10093706|2022-01-28
hCoV-19/Bangladesh/IEDCR-icddrb-GSB15-178/2022|EPI_ISL_10093709|2022-01-29
hCoV-19/Bangladesh/IEDCR-icddrb-GSB05-080/2022|EPI_ISL_10093708|2022-01-29
hCoV-19/Bangladesh/IEDCR-icddrb-GSB05-079/2022|EPI_ISL_10093710|2022-01-31
hCoV-19/Bangladesh/CHRF-1213/2022|EPI_ISL_12588328|2022-01-19
hCoV-19/Bangladesh/icddrb-G145064/2022|EPI_ISL_13613198|2022-06-21
hCoV-19/Bangladesh/icddrb-G145065/2022|EPI_ISL_13613199|2022-06-21
hCoV-19/Bangladesh/icddrb-CoV11854/2022|EPI_ISL_13613191|2022-06-21
hCoV-19/Bangladesh/icddrb-G144828/2022|EPI_ISL_13613192|2022-06-21
hCoV-19/Bangladesh/icddrb-G144967/2022|EPI_ISL_13613193|2022-06-21
hCoV-19/Bangladesh/icddrb-G145046/2022|EPI_ISL_13613196|2022-06-21
hCoV-19/Bangladesh/icddrb-G145053/2022|EPI_ISL_13613197|2022-06-21
hCoV-19/Bangladesh/icddrb-CoV11850/2022|EPI_ISL_13613188|2022-06-21
hCoV-19/Bangladesh/icddrb-CoV11839/2022|EPI_ISL_13613180|2022-06-19
hCoV-19/Bangladesh/icddrb-CoV11840/2022|EPI_ISL_13613181|2022-06-18
hCoV-19/Bangladesh/icddrb-CoV11846/2022|EPI_ISL_13613185|2022-06-20
hCoV-19/Bangladesh/icddrb-CoV11830/2022|EPI_ISL_13613176|2022-06-19
hCoV-19/Bangladesh/icddrb-CoV11831/2022|EPI_ISL_13613177|2022-06-19
hCoV-19/Bangladesh/icddrb-CoV11835/2022|EPI_ISL_13613178|2022-06-19
hCoV-19/Bangladesh/icddrb-CoV11837/2022|EPI_ISL_13613179|2022-06-19
hCoV-19/Bangladesh/icddrb-CoV11823/2022|EPI_ISL_13613170|2022-06-15
hCoV-19/Bangladesh/icddrb-CoV11825/2022|EPI_ISL_13613171|2022-06-16
hCoV-19/Bangladesh/icddrb-CoV11826/2022|EPI_ISL_13613172|2022-06-16
hCoV-19/Bangladesh/icddrb-CoV11828/2022|EPI_ISL_13613174|2022-06-16
hCoV-19/Bangladesh/icddrb-CoV11829/2022|EPI_ISL_13613175|2022-06-16
hCoV-19/Bangladesh/icddrb-CoV11820/2022|EPI_ISL_13613169|2022-06-12
hCoV-19/Bangladesh/icddrb-G145116/2022|EPI_ISL_13613206|2022-06-21
hCoV-19/Bangladesh/icddrb-G145134/2022|EPI_ISL_13613207|2022-06-22
hCoV-19/Bangladesh/icddrb-G145140/2022|EPI_ISL_13613208|2022-06-22
hCoV-19/Bangladesh/icddrb-G145172/2022|EPI_ISL_13613209|2022-06-22
hCoV-19/Bangladesh/icddrb-G145173/2022|EPI_ISL_13613210|2022-06-22
hCoV-19/Bangladesh/icddrb-G145073/2022|EPI_ISL_13613201|2022-06-21
hCoV-19/Bangladesh/icddrb-G145084/2022|EPI_ISL_13613203|2022-06-21
hCoV-19/Bangladesh/icddrb-G145097/2022|EPI_ISL_13613205|2022-06-21
hCoV-19/Bangladesh/icddrb-GSB09-107/2022|EPI_ISL_11925330|2022-03-03
hCoV-19/Bangladesh/icddrb-G147797/2022|EPI_ISL_14986863|2022-07-18
hCoV-19/Bangladesh/icddrb-G147984/2022|EPI_ISL_14986870|2022-07-21
hCoV-19/Bangladesh/icddrb-G147912/2022|EPI_ISL_14986867|2022-07-18
hCoV-19/Bangladesh/icddrb-G148842/2022|EPI_ISL_14986875|2022-08-27
hCoV-19/Bangladesh/icddrb-G148912/2022|EPI_ISL_14986878|2022-09-01
hCoV-19/Bangladesh/CVASU-53/2022|EPI_ISL_9550431|2022-01-20
hCoV-19/Bangladesh/BSMMU_Laila_955/2022|EPI_ISL_12332632|2022-01-27
hCoV-19/Bangladesh/icddrb-G142208/2022|EPI_ISL_11204833|2022-03-02
hCoV-19/Bangladesh/icddrb-GSB03-241/2022|EPI_ISL_11204834|2022-03-02
hCoV-19/Bangladesh/BCSIR-42/2022|EPI_ISL_11902993|2022-02-04
hCoV-19/Bangladesh/BCSIR-41/2022|EPI_ISL_11902992|2022-02-04
hCoV-19/Bangladesh/icddrb-GSB13-160/2022|EPI_ISL_11905481|2022-03-06
hCoV-19/Bangladesh/icddrb-GSB14-257/2022|EPI_ISL_11905483|2022-03-14
hCoV-19/Bangladesh/icddrb-GSB14-262/2022|EPI_ISL_11905488|2022-03-13
hCoV-19/Bangladesh/icddrb-GSB14-258/2022|EPI_ISL_11905484|2022-03-04
hCoV-19/Bangladesh/icddrb-GSB14-261/2022|EPI_ISL_11905487|2022-03-06
hCoV-19/Bangladesh/icddrb-GSB14-260/2022|EPI_ISL_11905486|2022-03-05
hCoV-19/Bangladesh/icddrb-GSB11-270/2022|EPI_ISL_11905470|2022-03-06
hCoV-19/Bangladesh/icddrb-GSB11-271/2022|EPI_ISL_11905471|2022-03-08
hCoV-19/Bangladesh/icddrb-GSB13-155/2022|EPI_ISL_11905478|2022-03-02
hCoV-19/Bangladesh/icddrb-GSB13-154/2022|EPI_ISL_11905477|2022-03-02
hCoV-19/Bangladesh/icddrb-GSB13-156/2022|EPI_ISL_11905479|2022-03-03
hCoV-19/Bangladesh/icddrb-GSB11-274/2022|EPI_ISL_11905474|2022-03-14
hCoV-19/Bangladesh/icddrb-GSB11-273/2022|EPI_ISL_11905473|2022-03-12
hCoV-19/Bangladesh/icddrb-GSB13-153/2022|EPI_ISL_11905476|2022-03-02
hCoV-19/Bangladesh/icddrb-GSB13-151/2022|EPI_ISL_11905475|2022-03-01
hCoV-19/Bangladesh/icddrb-GSB11-266/2022|EPI_ISL_11905467|2022-03-01
hCoV-19/Bangladesh/icddrb-GSB11-265/2022|EPI_ISL_11905466|2022-03-01
hCoV-19/Bangladesh/icddrb-GSB06-162/2022|EPI_ISL_11905464|2022-03-08
hCoV-19/Bangladesh/icddrb-GSB03-254/2022|EPI_ISL_11905459|2022-03-09
hCoV-19/Bangladesh/icddrb-GSB03-252/2022|EPI_ISL_11905458|2022-03-06
hCoV-19/Bangladesh/CHRF-GSB07-106/2022|EPI_ISL_10586934|2022-02-05
hCoV-19/Bangladesh/BSMMU_Laila_915/2022|EPI_ISL_12309934|2022-01-24
hCoV-19/Bangladesh/icddrb-SV056/2022|EPI_ISL_15927022|2022-10-20
hCoV-19/Bangladesh/icddrb-G149712/2022|EPI_ISL_15927002|2022-10-20
hCoV-19/Bangladesh/CHRF-GSB04-112/2022|EPI_ISL_9594538|2022-01-03
hCoV-19/Bangladesh/CHRF-1250/2022|EPI_ISL_13761079|2022-06-22
hCoV-19/Bangladesh/CHRF-1251/2022|EPI_ISL_13761080|2022-06-22
hCoV-19/Bangladesh/CHRF-1252/2022|EPI_ISL_13761081|2022-06-25
hCoV-19/Bangladesh/CHRF-1256/2022|EPI_ISL_13761085|2022-06-27
hCoV-19/Bangladesh/CHRF-1254/2022|EPI_ISL_13761083|2022-06-25
hCoV-19/Bangladesh/CHRF-1258/2022|EPI_ISL_13761087|2022-06-27
hCoV-19/Bangladesh/CHRF-1245/2022|EPI_ISL_13761074|2022-06-18
hCoV-19/Bangladesh/CHRF-1248/2022|EPI_ISL_13761077|2022-06-20
hCoV-19/Bangladesh/CHRF-1249/2022|EPI_ISL_13761078|2022-06-21
hCoV-19/Bangladesh/CHRF-1246/2022|EPI_ISL_13761075|2022-06-18
hCoV-19/Bangladesh/CHRF-1247/2022|EPI_ISL_13761076|2022-06-20
hCoV-19/Bangladesh/icddrb-GSB03-248/2022|EPI_ISL_11204840|2022-03-02
hCoV-19/Bangladesh/CHRF-1288/2022|EPI_ISL_15037430|2022-07-16
hCoV-19/Bangladesh/CHRF-1289/2022|EPI_ISL_15037426|2022-07-17
hCoV-19/Bangladesh/CHRF-1290/2022|EPI_ISL_15037428|2022-07-18
hCoV-19/Bangladesh/CHRF-1297/2022|EPI_ISL_15037438|2022-07-24
hCoV-19/Bangladesh/BSMMU_Laila_975/2022|EPI_ISL_12694442|2022-01-18
hCoV-19/Bangladesh/icddrb-GSB03-251/2022|EPI_ISL_11204842|2022-03-06
hCoV-19/Bangladesh/icddrb-GSB06-130/2022|EPI_ISL_10315942|2022-01-24
hCoV-19/Bangladesh/CHRF-GSB09-088/2022|EPI_ISL_10586942|2022-02-03
hCoV-19/Bangladesh/CHRF-1300/2022|EPI_ISL_15037436|2022-07-23
hCoV-19/Bangladesh/icddrb-SF417/2022|EPI_ISL_11204844|2022-03-03
hCoV-19/Bangladesh/BCSIR-PRAVA-01/2022|EPI_ISL_9576744|2022-01-22
hCoV-19/Bangladesh/CHRF-GSB09-090/2022|EPI_ISL_10586944|2022-02-03
hCoV-19/Bangladesh/BCSIR-DU-402/2022|EPI_ISL_10957345|2022-01-23
hCoV-19/Bangladesh/CHRF-GSB09-092/2022|EPI_ISL_10586945|2022-02-03
hCoV-19/Bangladesh/NRICh-C-003/2022|EPI_ISL_15507720|2022-09-28
hCoV-19/Bangladesh/NRICh-C-005/2022|EPI_ISL_15507722|2022-10-06
hCoV-19/Bangladesh/NRICh-C-004/2022|EPI_ISL_15507721|2022-09-28
hCoV-19/Bangladesh/BSMMU_Laila_1100/2022|EPI_ISL_13871801|2022-06-21
hCoV-19/Bangladesh/BSMMU_Laila_1094/2022|EPI_ISL_13871645|2022-06-21
hCoV-19/Bangladesh/BSMMU_Laila_1084/2022|EPI_ISL_13871641|2022-06-20
hCoV-19/Bangladesh/BSMMU_Laila_1083/2022|EPI_ISL_13871640|2022-06-20
hCoV-19/Bangladesh/BSMMU_Laila_1081/2022|EPI_ISL_13871638|2022-06-19
hCoV-19/Bangladesh/BSMMU_Laila_1082/2022|EPI_ISL_13871639|2022-06-19
hCoV-19/Bangladesh/BSMMU_Laila_1098/2022|EPI_ISL_13871725|2022-06-21
hCoV-19/Bangladesh/BSMMU_Laila_1095/2022|EPI_ISL_13871716|2022-06-21
hCoV-19/Bangladesh/BSMMU_Laila_1065/2022|EPI_ISL_13867384|2022-06-14
hCoV-19/Bangladesh/BSMMU_Laila_1060/2022|EPI_ISL_13867379|2022-06-10
hCoV-19/Bangladesh/BSMMU_Laila_1058/2022|EPI_ISL_13867212|2022-06-06
hCoV-19/Bangladesh/BSMMU_Laila_1059/2022|EPI_ISL_13867213|2022-06-08
hCoV-19/Bangladesh/BSMMU_Laila_1074/2022|EPI_ISL_13868346|2022-06-17
hCoV-19/Bangladesh/BSMMU_Laila_1075/2022|EPI_ISL_13868347|2022-06-18
hCoV-19/Bangladesh/BSMMU_Laila_1069/2022|EPI_ISL_13868341|2022-06-15
hCoV-19/Bangladesh/BSMMU_Laila_1070/2022|EPI_ISL_13868342|2022-06-15
hCoV-19/Bangladesh/BSMMU_Laila_1068/2022|EPI_ISL_13868308|2022-06-15
hCoV-19/Bangladesh/BSMMU_Laila_1114/2022|EPI_ISL_13876611|2022-06-22
hCoV-19/Bangladesh/BSMMU_Laila_1105/2022|EPI_ISL_13875392|2022-06-24
hCoV-19/Bangladesh/BSMMU_Laila_1112/2022|EPI_ISL_13876499|2022-06-22
hCoV-19/Bangladesh/BSMMU_Laila_1111/2022|EPI_ISL_13876416|2022-06-22
hCoV-19/Bangladesh/BSMMU_Laila_1110/2022|EPI_ISL_13876415|2022-06-22
hCoV-19/Bangladesh/BSMMU_Laila_1109/2022|EPI_ISL_13875859|2022-06-22
hCoV-19/Bangladesh/BSMMU_Laila_1106/2022|EPI_ISL_13875653|2022-06-22
hCoV-19/Bangladesh/BSMMU_Laila_1108/2022|EPI_ISL_13875684|2022-06-22
hCoV-19/Bangladesh/icddrb-GSB09-083/2022|EPI_ISL_10315950|2022-01-20
hCoV-19/Bangladesh/icddrb-GSB10-126/2022|EPI_ISL_10315951|2022-01-16
hCoV-19/Bangladesh/icddrb-GSB10-130/2022|EPI_ISL_10315953|2022-01-23
hCoV-19/Bangladesh/icddrb-GSB10-133/2022|EPI_ISL_10315954|2022-01-26
hCoV-19/Bangladesh/icddrb-GSB12-080/2022|EPI_ISL_10315955|2022-01-17
hCoV-19/Bangladesh/icddrb-GSB08-097/2022|EPI_ISL_10315945|2022-01-22
hCoV-19/Bangladesh/icddrb-GSB08-098/2022|EPI_ISL_10315946|2022-01-23
hCoV-19/Bangladesh/icddrb-GSB09-074/2022|EPI_ISL_10315947|2022-01-16
hCoV-19/Bangladesh/icddrb-GSB09-075/2022|EPI_ISL_10315948|2022-01-17
hCoV-19/Bangladesh/icddrb-GSB09-080/2022|EPI_ISL_10315949|2022-01-19
hCoV-19/Bangladesh/icddrb-GSB13-124/2022|EPI_ISL_10315960|2022-01-20
hCoV-19/Bangladesh/icddrb-GSB13-128/2022|EPI_ISL_10315962|2022-01-25
hCoV-19/Bangladesh/icddrb-GSB12-089/2022|EPI_ISL_10315958|2022-01-30
hCoV-19/Bangladesh/icddrb-GSB13-122/2022|EPI_ISL_10315959|2022-01-20
hCoV-19/Bangladesh/icddrb-GSB06-128/2022|EPI_ISL_10315940|2022-01-22
hCoV-19/Bangladesh/icddrb-GSB06-129/2022|EPI_ISL_10315941|2022-01-23
hCoV-19/Bangladesh/icddrb-GSB08-095/2022|EPI_ISL_10315943|2022-01-20
hCoV-19/Bangladesh/icddrb-GSB08-096/2022|EPI_ISL_10315944|2022-01-21
hCoV-19/Bangladesh/icddrb-GSB06-125/2022|EPI_ISL_10315939|2022-01-17
hCoV-19/Bangladesh/BSMMU_Laila_1145/2022|EPI_ISL_13903022|2022-06-25
hCoV-19/Bangladesh/BSMMU_Laila_1137/2022|EPI_ISL_13902861|2022-06-25
hCoV-19/Bangladesh/BSMMU_Laila_1135/2022|EPI_ISL_13902859|2022-06-25
hCoV-19/Bangladesh/BSMMU_Laila_1130/2022|EPI_ISL_13902849|2022-06-25
hCoV-19/Bangladesh/BSMMU_Laila_1122/2022|EPI_ISL_13902841|2022-06-23
hCoV-19/Bangladesh/BSMMU_Laila_1125/2022|EPI_ISL_13902844|2022-06-23
hCoV-19/Bangladesh/BSMMU_Laila_1126/2022|EPI_ISL_13902845|2022-06-23
hCoV-19/Bangladesh/BSMMU_Laila_1118/2022|EPI_ISL_13902650|2022-06-23
hCoV-19/Bangladesh/BSMMU_Laila_1116/2022|EPI_ISL_13902649|2022-06-16
hCoV-19/Bangladesh/BSMMU_Laila_1115/2022|EPI_ISL_13902648|2022-06-22
hCoV-19/Bangladesh/BSMMU_Laila_1147/2022|EPI_ISL_13904992|2022-06-21
hCoV-19/Bangladesh/BSMMU_Laila_1150/2022|EPI_ISL_13905276|2022-06-23
hCoV-19/Bangladesh/BCSIR-PRAVA-03/2022|EPI_ISL_9578954|2022-01-22
hCoV-19/Bangladesh/BSMMU_Laila_965/2022|EPI_ISL_12332655|2022-01-31
hCoV-19/Bangladesh/BSMMU_Laila_838/2022|EPI_ISL_12646700|2022-01-14
hCoV-19/Bangladesh/BSMMU-17/2022|EPI_ISL_10894057|2022-01
hCoV-19/Bangladesh/CHRF-GSB17-134/2022|EPI_ISL_11704658|2022-03-03
hCoV-19/Bangladesh/BSMMU_Laila_807/2022|EPI_ISL_12248858|2022-01-12
hCoV-19/Bangladesh/BCSIR-BSMMU-39/2022|EPI_ISL_10708760|2022-01-27
hCoV-19/Bangladesh/BSMMU-27/2022|EPI_ISL_10894063|2022-01
hCoV-19/Bangladesh/BCSIR-BSMMU-42/2022|EPI_ISL_10708763|2022-01-30
hCoV-19/Bangladesh/BSMMU_Laila_690/2022|EPI_ISL_12176939|2022-01-06
hCoV-19/Bangladesh/BSMMU_Laila_689/2022|EPI_ISL_12176938|2022-01-06
hCoV-19/Bangladesh/icddrb-GSB10-144/2022|EPI_ISL_11204809|2022-02-07
hCoV-19/Bangladesh/BSMMU_Laila_876/2022|EPI_ISL_12279306|2022-01-13
hCoV-19/Bangladesh/BSMMU_Laila_878/2022|EPI_ISL_12279308|2022-01-17
hCoV-19/Bangladesh/BSMMU-28/2022|EPI_ISL_10894064|2022-01
hCoV-19/Bangladesh/BSMMU_Laila_1020/2022|EPI_ISL_12428364|2022-01-19
hCoV-19/Bangladesh/icddrb-GSB09-108/2022|EPI_ISL_11905465|2022-03-06
hCoV-19/Bangladesh/BSMMU-30/2022|EPI_ISL_10894065|2022-01
hCoV-19/Bangladesh/BSMMU_Laila_930/2022|EPI_ISL_12310065|2022-01-18
hCoV-19/Bangladesh/CHRF-0972/2022|EPI_ISL_9594566|2022-01-09
hCoV-19/Bangladesh/icddrb-G138725/2022|EPI_ISL_10406999|2022-02-07
hCoV-19/Bangladesh/icddrb-G138601/2022|EPI_ISL_10406997|2022-02-07
hCoV-19/Bangladesh/icddrb-G138573/2022|EPI_ISL_10406996|2022-02-07
hCoV-19/Bangladesh/icddrb-G138422/2022|EPI_ISL_10406995|2022-02-06
hCoV-19/Bangladesh/icddrb-G137825/2022|EPI_ISL_10406992|2022-02-05
hCoV-19/Bangladesh/icddrb-G137636/2022|EPI_ISL_10406991|2022-02-03
hCoV-19/Bangladesh/icddrb-G137481/2022|EPI_ISL_10406990|2022-02-03
hCoV-19/Bangladesh/icddrb-G137257/2022|EPI_ISL_10406989|2022-02-02
hCoV-19/Bangladesh/icddrb-G136824/2022|EPI_ISL_10406988|2022-02-01
hCoV-19/Bangladesh/icddrb-G135945/2022|EPI_ISL_10406985|2022-01-31
hCoV-19/Bangladesh/icddrb-GSB-03-224/2022|EPI_ISL_10407031|2022-02-08
hCoV-19/Bangladesh/icddrb-GSB-03-223/2022|EPI_ISL_10407030|2022-02-07
hCoV-19/Bangladesh/icddrb-GSB-03-221/2022|EPI_ISL_10407028|2022-02-12
hCoV-19/Bangladesh/icddrb-GSB-03-220/2022|EPI_ISL_10407027|2022-02-10
hCoV-19/Bangladesh/icddrb-GSB-03-219/2022|EPI_ISL_10407026|2022-02-09
hCoV-19/Bangladesh/icddrb-GSB-03-218/2022|EPI_ISL_10407025|2022-02-09
hCoV-19/Bangladesh/icddrb-GSB-03-217/2022|EPI_ISL_10407024|2022-02-08
hCoV-19/Bangladesh/icddrb-GSB-03-216/2022|EPI_ISL_10407023|2022-02-08
hCoV-19/Bangladesh/icddrb-GSB-03-215/2022|EPI_ISL_10407022|2022-02-07
hCoV-19/Bangladesh/icddrb-GSB-03-214/2022|EPI_ISL_10407021|2022-02-07
hCoV-19/Bangladesh/icddrb-GSB-03-213/2022|EPI_ISL_10407020|2022-02-06
hCoV-19/Bangladesh/icddrb-GSB-03-212/2022|EPI_ISL_10407019|2022-02-05
hCoV-19/Bangladesh/icddrb-GSB-03-211/2022|EPI_ISL_10407018|2022-02-05
hCoV-19/Bangladesh/icddrb-GSB-03-210/2022|EPI_ISL_10407017|2022-02-03
hCoV-19/Bangladesh/icddrb-GSB-03-209/2022|EPI_ISL_10407016|2022-02-02
hCoV-19/Bangladesh/icddrb-GSB-03-208/2022|EPI_ISL_10407015|2022-02-01
hCoV-19/Bangladesh/icddrb-GSB-03-207/2022|EPI_ISL_10407014|2022-02-01
hCoV-19/Bangladesh/icddrb-GSB-03-206/2022|EPI_ISL_10407013|2022-02-01
hCoV-19/Bangladesh/icddrb-GSB-03-205/2022|EPI_ISL_10407012|2022-01-31
hCoV-19/Bangladesh/icddrb-G139924/2022|EPI_ISL_10407011|2022-02-13
hCoV-19/Bangladesh/icddrb-G139809/2022|EPI_ISL_10407010|2022-02-12
hCoV-19/Bangladesh/icddrb-G139635/2022|EPI_ISL_10407009|2022-02-10
hCoV-19/Bangladesh/icddrb-G139597/2022|EPI_ISL_10407008|2022-02-10
hCoV-19/Bangladesh/icddrb-G139287/2022|EPI_ISL_10407006|2022-02-09
hCoV-19/Bangladesh/icddrb-G139174/2022|EPI_ISL_10407005|2022-02-08
hCoV-19/Bangladesh/icddrb-G138945/2022|EPI_ISL_10407003|2022-02-08
hCoV-19/Bangladesh/icddrb-G138942/2022|EPI_ISL_10407002|2022-02-08
hCoV-19/Bangladesh/icddrb-G138777/2022|EPI_ISL_10407001|2022-02-07
hCoV-19/Bangladesh/icddrb-G138765/2022|EPI_ISL_10407000|2022-02-07
hCoV-19/Bangladesh/BSMMU-39/2022|EPI_ISL_10894067|2022-01
hCoV-19/Bangladesh/BCSIR-BSMMU-37/2022|EPI_ISL_10707567|2022-01-27
hCoV-19/Bangladesh/BCSIR-PRAVA-08/2022|EPI_ISL_9581567|2022-01-22
hCoV-19/Bangladesh/icddrb-G145865/2022|EPI_ISL_14019003|2022-06-29
hCoV-19/Bangladesh/icddrb-G145885/2022|EPI_ISL_14019004|2022-06-29
hCoV-19/Bangladesh/icddrb-G145908/2022|EPI_ISL_14019005|2022-06-30
hCoV-19/Bangladesh/icddrb-G145712/2022|EPI_ISL_14019001|2022-06-29
hCoV-19/Bangladesh/icddrb-G145770/2022|EPI_ISL_14019002|2022-06-29
hCoV-19/Bangladesh/icddrb-G147275/2022|EPI_ISL_14019014|2022-07-13
hCoV-19/Bangladesh/icddrb-G147348/2022|EPI_ISL_14019015|2022-07-13
hCoV-19/Bangladesh/icddrb-G146431/2022|EPI_ISL_14019011|2022-07-03
hCoV-19/Bangladesh/icddrb-G146567/2022|EPI_ISL_14019012|2022-07-04
hCoV-19/Bangladesh/icddrb-G146731/2022|EPI_ISL_14019013|2022-07-04
hCoV-19/Bangladesh/icddrb-CoV12222/2022|EPI_ISL_14018990|2022-07-17
hCoV-19/Bangladesh/icddrb-G145310/2022|EPI_ISL_14018995|2022-06-26
hCoV-19/Bangladesh/icddrb-G145150/2022|EPI_ISL_14018994|2022-06-25
hCoV-19/Bangladesh/icddrb-G145071/2022|EPI_ISL_14018993|2022-06-25
hCoV-19/Bangladesh/icddrb-CoV12216/2022|EPI_ISL_14018988|2022-07-14
hCoV-19/Bangladesh/icddrb-CoV12215/2022|EPI_ISL_14018987|2022-07-14
hCoV-19/Bangladesh/icddrb-CoV12214/2022|EPI_ISL_14018986|2022-07-14
hCoV-19/Bangladesh/icddrb-CoV12212/2022|EPI_ISL_14018985|2022-07-12
hCoV-19/Bangladesh/icddrb-G145480/2022|EPI_ISL_14018999|2022-06-27
hCoV-19/Bangladesh/icddrb-CoV11993/2022|EPI_ISL_14018973|2022-06-28
hCoV-19/Bangladesh/icddrb-CoV11974/2022|EPI_ISL_14018972|2022-06-28
hCoV-19/Bangladesh/icddrb-CoV12168/2022|EPI_ISL_14018980|2022-07-05
hCoV-19/Bangladesh/icddrb-CoV12198/2022|EPI_ISL_14018983|2022-07-07
hCoV-19/Bangladesh/icddrb-CoV12175/2022|EPI_ISL_14018982|2022-07-06
hCoV-19/Bangladesh/icddrb-CoV12091/2022|EPI_ISL_14018977|2022-07-03
hCoV-19/Bangladesh/icddrb-CoV12069/2022|EPI_ISL_14018976|2022-07-03
hCoV-19/Bangladesh/icddrb-CoV12026/2022|EPI_ISL_14018975|2022-06-29
hCoV-19/Bangladesh/icddrb-CoV12125/2022|EPI_ISL_14018978|2022-07-04
hCoV-19/Bangladesh/icddrb-G145255/2022|EPI_ISL_14026881|2022-06-26
hCoV-19/Bangladesh/icddrb-C12126/2022|EPI_ISL_14026884|2022-07-04
hCoV-19/Bangladesh/BSMMU-55/2022|EPI_ISL_10894071|2022-01
hCoV-19/Bangladesh/BSMMU_Laila_779/2022|EPI_ISL_12240929|2022-01-12
hCoV-19/Bangladesh/BSMMU_Laila_777/2022|EPI_ISL_12240927|2022-01-10
hCoV-19/Bangladesh/BSMMU_Laila_776/2022|EPI_ISL_12240926|2022-01-09
hCoV-19/Bangladesh/BSMMU_Laila_773/2022|EPI_ISL_12240923|2022-01-09
hCoV-19/Bangladesh/BSMMU_Laila_772/2022|EPI_ISL_12240922|2022-01-09
hCoV-19/Bangladesh/BSMMU_Laila_771/2022|EPI_ISL_12240921|2022-01-09
hCoV-19/Bangladesh/BSMMU_Laila_770/2022|EPI_ISL_12240920|2022-01-09
hCoV-19/Bangladesh/BSMMU_Laila_782/2022|EPI_ISL_12240932|2022-01-10
hCoV-19/Bangladesh/BSMMU_Laila_781/2022|EPI_ISL_12240931|2022-01-11
hCoV-19/Bangladesh/icddrb-CoV12300/2022|EPI_ISL_14986855|2022-09-04
hCoV-19/Bangladesh/icddrb-CoV12302/2022|EPI_ISL_14986857|2022-09-04
hCoV-19/Bangladesh/BSMMU_Laila_786/2022|EPI_ISL_12245508|2022-01-14
hCoV-19/Bangladesh/BSMMU_Laila_789/2022|EPI_ISL_12247199|2022-01-14
hCoV-19/Bangladesh/BSMMU_Laila_785/2022|EPI_ISL_12244953|2022-01-14
hCoV-19/Bangladesh/BSMMU_Laila_816/2022|EPI_ISL_12249422|2022-01-12
hCoV-19/Bangladesh/BSMMU_Laila_811/2022|EPI_ISL_12249376|2022-01-12
hCoV-19/Bangladesh/BSMMU_Laila_813/2022|EPI_ISL_12249379|2022-01-12
hCoV-19/Bangladesh/BSMMU_Laila_806/2022|EPI_ISL_12248839|2022-01-12
hCoV-19/Bangladesh/BSMMU_Laila_809/2022|EPI_ISL_12248860|2022-01-12
hCoV-19/Bangladesh/BSMMU_Laila_800/2022|EPI_ISL_12248762|2022-01-12
hCoV-19/Bangladesh/BSMMU_Laila_796/2022|EPI_ISL_12248758|2022-01-12
hCoV-19/Bangladesh/BSMMU_Laila_793/2022|EPI_ISL_12248757|2022-01-14
hCoV-19/Bangladesh/BSMMU_Laila_797/2022|EPI_ISL_12248759|2022-01-12
hCoV-19/Bangladesh/BSMMU_Laila_805/2022|EPI_ISL_12248767|2022-01-12
hCoV-19/Bangladesh/BSMMU_Laila_804/2022|EPI_ISL_12248766|2022-01-12
hCoV-19/Bangladesh/icddrb-GSB10-121/2022|EPI_ISL_9697272|2022-01-12
hCoV-19/Bangladesh/BSMMU-54/2022|EPI_ISL_10894073|2022-01
hCoV-19/Bangladesh/BSMMU-01/2022|EPI_ISL_10894074|2022-01
hCoV-19/Bangladesh/BSMMU-02/2022|EPI_ISL_10894075|2022-01
hCoV-19/Bangladesh/CHRF-1003/2022|EPI_ISL_9594576|2022-01-13
hCoV-19/Bangladesh/BSMMU_Laila_894/2022|EPI_ISL_12280268|2022-01-13
hCoV-19/Bangladesh/BSMMU_Laila_870/2022|EPI_ISL_12279226|2022-01-13
hCoV-19/Bangladesh/BSMMU_Laila_872/2022|EPI_ISL_12279292|2022-01-13
hCoV-19/Bangladesh/BSMMU_Laila_888/2022|EPI_ISL_12279827|2022-01-17
hCoV-19/Bangladesh/BSMMU_Laila_886/2022|EPI_ISL_12279742|2022-01-17
hCoV-19/Bangladesh/BCSIR- 36/2022|EPI_ISL_11719128|2022-02-04
hCoV-19/Bangladesh/BSMMU_Laila_883/2022|EPI_ISL_12279401|2022-01-17
hCoV-19/Bangladesh/BSMMU_Laila_884/2022|EPI_ISL_12279402|2022-01-17
hCoV-19/Bangladesh/BSMMU_Laila_881/2022|EPI_ISL_12279309|2022-01-17
hCoV-19/Bangladesh/BSMMU_Laila_874/2022|EPI_ISL_12279304|2022-01-13
hCoV-19/Bangladesh/BSMMU-16/2022|EPI_ISL_10894079|2022-01
hCoV-19/Bangladesh/BSMMU_Laila_913/2022|EPI_ISL_12309492|2022-01-13
hCoV-19/Bangladesh/BSMMU_Laila_895/2022|EPI_ISL_12309179|2022-01-13
hCoV-19/Bangladesh/BSMMU_Laila_901/2022|EPI_ISL_12309186|2022-01-13
hCoV-19/Bangladesh/BSMMU_Laila_897/2022|EPI_ISL_12309181|2022-01-13
hCoV-19/Bangladesh/BSMMU_Laila_908/2022|EPI_ISL_12309193|2022-01-13
hCoV-19/Bangladesh/BSMMU_Laila_909/2022|EPI_ISL_12309194|2022-01-13
hCoV-19/Bangladesh/BSMMU_Laila_916/2022|EPI_ISL_12309980|2022-01-24
hCoV-19/Bangladesh/BSMMU_Laila_914/2022|EPI_ISL_12309709|2022-01-31
hCoV-19/Bangladesh/BSMMU_Laila_936/2022|EPI_ISL_12313171|2022-01-18
hCoV-19/Bangladesh/BSMMU_Laila_935/2022|EPI_ISL_12313170|2022-01-18
hCoV-19/Bangladesh/BSMMU_Laila_949/2022|EPI_ISL_12315527|2022-01-25
hCoV-19/Bangladesh/BSMMU_Laila_917/2022|EPI_ISL_12309981|2022-01-17
hCoV-19/Bangladesh/CHRF-GSB04-141/2022|EPI_ISL_11204782|2022-02-18
hCoV-19/Bangladesh/icddrb-CoV12335/2022|EPI_ISL_15157672|2022-09-16
hCoV-19/Bangladesh/icddrb-CoV12333/2022|EPI_ISL_15157668|2022-09-18
hCoV-19/Bangladesh/icddrb-G149207/2022|EPI_ISL_15157665|2022-09-20
hCoV-19/Bangladesh/icddrb-G149213/2022|EPI_ISL_15157666|2022-09-20
hCoV-19/Bangladesh/icddrb-G149202/2022|EPI_ISL_15157664|2022-09-20
hCoV-19/Bangladesh/icddrb-G149197/2022|EPI_ISL_15157662|2022-09-20
hCoV-19/Bangladesh/icddrb-G149005/2022|EPI_ISL_15157656|2022-09-07
hCoV-19/Bangladesh/icddrb-G149025/2022|EPI_ISL_15157657|2022-09-08
hCoV-19/Bangladesh/icddrb-G149002/2022|EPI_ISL_15157654|2022-09-07
hCoV-19/Bangladesh/icddrb-G149003/2022|EPI_ISL_15157655|2022-09-07
hCoV-19/Bangladesh/icddrb-CoV12332/2022|EPI_ISL_15157652|2022-09-14
hCoV-19/Bangladesh/icddrb-CoV12318/2022|EPI_ISL_15157651|2022-09-12
hCoV-19/Bangladesh/icddrb-G149060/2022|EPI_ISL_15157659|2022-09-11
hCoV-19/Bangladesh/icddrb-G149070/2022|EPI_ISL_15157660|2022-09-12
hCoV-19/Bangladesh/icddrb-G148994/2022|EPI_ISL_15157645|2022-09-06
hCoV-19/Bangladesh/icddrb-G148996/2022|EPI_ISL_15157646|2022-09-06
hCoV-19/Bangladesh/icddrb-G148990/2022|EPI_ISL_15157643|2022-09-06
hCoV-19/Bangladesh/icddrb-G148993/2022|EPI_ISL_15157644|2022-09-06
hCoV-19/Bangladesh/icddrb-CoV12314/2022|EPI_ISL_15157641|2022-09-11
hCoV-19/Bangladesh/BSMMU_Laila_964/2022|EPI_ISL_12332653|2022-01-31
hCoV-19/Bangladesh/BSMMU_Laila_996/2022|EPI_ISL_12336373|2022-02-06
hCoV-19/Bangladesh/BSMMU_Laila_988/2022|EPI_ISL_12335870|2022-02-03
hCoV-19/Bangladesh/BSMMU_Laila_990/2022|EPI_ISL_12335872|2022-02-03
hCoV-19/Bangladesh/BSMMU_Laila_991/2022|EPI_ISL_12335873|2022-02-03
hCoV-19/Bangladesh/BSMMU_Laila_950/2022|EPI_ISL_12332627|2022-01-25
hCoV-19/Bangladesh/BSMMU_Laila_960/2022|EPI_ISL_12332637|2022-01-29
hCoV-19/Bangladesh/BSMMU_Laila_957/2022|EPI_ISL_12332634|2022-01-27
hCoV-19/Bangladesh/BSMMU_Laila_998/2022|EPI_ISL_12336598|2022-01-19
hCoV-19/Bangladesh/BSMMU_Laila_1000/2022|EPI_ISL_12336599|2022-01-19
hCoV-19/Bangladesh/BSMMU_Laila_966/2022|EPI_ISL_12334742|2022-01-31
hCoV-19/Bangladesh/BSMMU_Laila_970/2022|EPI_ISL_12335177|2022-01-31
hCoV-19/Bangladesh/BSMMU_Laila_971/2022|EPI_ISL_12335179|2022-01-31
hCoV-19/Bangladesh/BSMMU_Laila_968/2022|EPI_ISL_12335167|2022-01-31
hCoV-19/Bangladesh/BSMMU_Laila_997/2022|EPI_ISL_12336412|2022-02-06
hCoV-19/Bangladesh/BSMMU_Laila_919/2022|EPI_ISL_12309983|2022-01-17
hCoV-19/Bangladesh/BSMMU_Laila_1121/2022|EPI_ISL_13902840|2022-06-23
hCoV-19/Bangladesh/BSMMU_Laila_1123/2022|EPI_ISL_13902842|2022-06-23
hCoV-19/Bangladesh/BSMMU_Laila_1124/2022|EPI_ISL_13902843|2022-06-23
hCoV-19/Bangladesh/BSMMU_Laila_1128/2022|EPI_ISL_13902847|2022-06-23
hCoV-19/Bangladesh/BSMMU_Laila_1133/2022|EPI_ISL_13902854|2022-06-25
hCoV-19/Bangladesh/BSMMU_Laila_1131/2022|EPI_ISL_13902851|2022-06-25
hCoV-19/Bangladesh/BSMMU_Laila_1132/2022|EPI_ISL_13902853|2022-06-25
hCoV-19/Bangladesh/BSMMU_Laila_1134/2022|EPI_ISL_13902857|2022-06-25
hCoV-19/Bangladesh/BSMMU_Laila_1136/2022|EPI_ISL_13902860|2022-06-25
hCoV-19/Bangladesh/icddrb-GSB13-184/2022|EPI_ISL_13408126|2022-05-05
hCoV-19/Bangladesh/icddrb-GSB14-267/2022|EPI_ISL_13408129|2022-05-08
hCoV-19/Bangladesh/icddrb-GSB10-169/2022|EPI_ISL_13408132|2022-05-08
hCoV-19/Bangladesh/BSMMU_Laila_1140/2022|EPI_ISL_13902866|2022-06-25
hCoV-19/Bangladesh/BSMMU_Laila_1141/2022|EPI_ISL_13902868|2022-06-25
hCoV-19/Bangladesh/BSMMU_Laila_1073/2022|EPI_ISL_13868345|2022-06-17
hCoV-19/Bangladesh/BSMMU_Laila_1104/2022|EPI_ISL_13873038|2022-06-21
hCoV-19/Bangladesh/BSMMU_Laila_1061/2022|EPI_ISL_13867380|2022-06-11
hCoV-19/Bangladesh/BSMMU_Laila_1067/2022|EPI_ISL_13868205|2022-06-15
hCoV-19/Bangladesh/BSMMU_Laila_1144/2022|EPI_ISL_13903021|2022-06-25
hCoV-19/Bangladesh/BSMMU_Laila_1153/2022|EPI_ISL_13905464|2022-06-26
hCoV-19/Bangladesh/icddrb-CoV12242/2022|EPI_ISL_14986844|2022-07-19
hCoV-19/Bangladesh/icddrb-CoV12256/2022|EPI_ISL_14986847|2022-07-24
hCoV-19/Bangladesh/icddrb-G148456/2022|EPI_ISL_14986874|2022-08-04
hCoV-19/Bangladesh/icddrb-G147969/2022|EPI_ISL_14986868|2022-07-21
hCoV-19/Bangladesh/icddrb-G148944/2022|EPI_ISL_14986879|2022-09-04
hCoV-19/Bangladesh/icddrb-CoV12280/2022|EPI_ISL_14986850|2022-08-21
hCoV-19/Bangladesh/icddrb-CoV12307/2022|EPI_ISL_14986860|2022-09-06
hCoV-19/Bangladesh/icddrb-G148202/2022|EPI_ISL_14986873|2022-07-25
hCoV-19/Bangladesh/CHRF-0927/2021|EPI_ISL_8476913|2021-12-28
hCoV-19/Bangladesh/CHRF-1303/2022|EPI_ISL_15037435|2022-07-23
hCoV-19/Bangladesh/CHRF-1301/2022|EPI_ISL_15037437|2022-07-22
hCoV-19/Bangladesh/icddrb-SV051/2022|EPI_ISL_15927020|2022-10-16
hCoV-19/Bangladesh/icddrb-CoV12419/2022|EPI_ISL_15926995|2022-10-19
hCoV-19/Bangladesh/icddrb-CoV12411/2022|EPI_ISL_15926991|2022-10-12
hCoV-19/Bangladesh/icddrb-SV024/2022|EPI_ISL_15927004|2022-10-10
hCoV-19/Bangladesh/icddrb-CoV12412/2022|EPI_ISL_15926992|2022-10-13
hCoV-19/Bangladesh/icddrb-CoV12410/2022|EPI_ISL_15926990|2022-10-12
hCoV-19/Bangladesh/icddrb-CoV12423/2022|EPI_ISL_15926996|2022-10-23
hCoV-19/Bangladesh/icddrb-G149586/2022|EPI_ISL_15926999|2022-10-11
hCoV-19/Bangladesh/icddrb-CoV12413/2022|EPI_ISL_15926993|2022-10-13
hCoV-19/Bangladesh/icddrb-G149585/2022|EPI_ISL_15926998|2022-10-10
hCoV-19/Bangladesh/icddrb-CoV12416/2022|EPI_ISL_15926994|2022-10-17
hCoV-19/Bangladesh/icddrb-SV044/2022|EPI_ISL_15927016|2022-10-13
hCoV-19/Bangladesh/icddrb-CoV12429/2022|EPI_ISL_15926997|2022-10-26
hCoV-19/Bangladesh/icddrb-SV031/2022|EPI_ISL_15927009|2022-10-10
hCoV-19/Bangladesh/icddrb-SV049/2022|EPI_ISL_15927018|2022-10-16
hCoV-19/Bangladesh/icddrb-SV050/2022|EPI_ISL_15927019|2022-10-16
hCoV-19/Bangladesh/icddrb-SV032/2022|EPI_ISL_15927010|2022-10-10
hCoV-19/Bangladesh/icddrb-SV047/2022|EPI_ISL_15927017|2022-10-13
hCoV-19/Bangladesh/CHRF-GSB04-130/2022|EPI_ISL_10586925|2022-02-07
hCoV-19/Bangladesh/CHRF-GSB04-131/2022|EPI_ISL_10586926|2022-02-02
hCoV-19/Bangladesh/CHRF-GSB04-133/2022|EPI_ISL_10586927|2022-02-17
hCoV-19/Bangladesh/CHRF-GSB04-134/2022|EPI_ISL_10586928|2022-02-09
hCoV-19/Bangladesh/CHRF-GSB04-135/2022|EPI_ISL_10586929|2022-02-12
hCoV-19/Bangladesh/CHRF-GSB09-093/2022|EPI_ISL_10586946|2022-02-03
hCoV-19/Bangladesh/CHRF-GSB09-094/2022|EPI_ISL_10586947|2022-02-03
hCoV-19/Bangladesh/CHRF-GSB08-116/2022|EPI_ISL_10586941|2022-02-09
hCoV-19/Bangladesh/CHRF-GSB09-089/2022|EPI_ISL_10586943|2022-02-03
hCoV-19/Bangladesh/CHRF-GSB07-107/2022|EPI_ISL_10586935|2022-02-06
hCoV-19/Bangladesh/CHRF-GSB08-109/2022|EPI_ISL_10586937|2022-02-01
hCoV-19/Bangladesh/CHRF-GSB04-137/2022|EPI_ISL_10586930|2022-02-02
hCoV-19/Bangladesh/CHRF-GSB07-101/2022|EPI_ISL_10586931|2022-02-03
hCoV-19/Bangladesh/CHRF-GSB07-102/2022|EPI_ISL_10586932|2022-02-03
hCoV-19/Bangladesh/CHRF-GSB07-104/2022|EPI_ISL_10586933|2022-02-05
hCoV-19/Bangladesh/CHRF-GSB08-110/2022|EPI_ISL_10586938|2022-02-01
hCoV-19/Bangladesh/CHRF-GSB08-111/2022|EPI_ISL_10586939|2022-02-01
hCoV-19/Bangladesh/CHRF-GSB08-115/2022|EPI_ISL_10586940|2022-02-06
hCoV-19/Bangladesh/BSMMU_Laila_1041/2022|EPI_ISL_12428379|2022-01-31
hCoV-19/Bangladesh/BSMMU_Laila_1027/2022|EPI_ISL_12428370|2022-01-19
hCoV-19/Bangladesh/BSMMU_Laila_1029/2022|EPI_ISL_12428372|2022-01-19
hCoV-19/Bangladesh/BSMMU_Laila_1022/2022|EPI_ISL_12428366|2022-01-19
hCoV-19/Bangladesh/BSMMU_Laila_1023/2022|EPI_ISL_12428367|2022-01-19
hCoV-19/Bangladesh/BSMMU_Laila_1016/2022|EPI_ISL_12428360|2022-01-19
hCoV-19/Bangladesh/BSMMU_Laila_1017/2022|EPI_ISL_12428361|2022-01-19
hCoV-19/Bangladesh/BSMMU_Laila_1019/2022|EPI_ISL_12428363|2022-01-19
hCoV-19/Bangladesh/BSMMU_Laila_1021/2022|EPI_ISL_12428365|2022-01-19
hCoV-19/Bangladesh/BSMMU_Laila_1011/2022|EPI_ISL_12428356|2022-01-19
hCoV-19/Bangladesh/BSMMU_Laila_1015/2022|EPI_ISL_12428359|2022-01-19
hCoV-19/Bangladesh/BSMMU_Laila_1003/2022|EPI_ISL_12428350|2022-01-19
hCoV-19/Bangladesh/BSMMU_Laila_1004/2022|EPI_ISL_12428351|2022-01-19
hCoV-19/Bangladesh/BSMMU_Laila_1005/2022|EPI_ISL_12428352|2022-01-19
hCoV-19/Bangladesh/BCSIR-BSMMU-40/2022|EPI_ISL_10708761|2022-01-30
hCoV-19/Bangladesh/BCSIR-BSMMU-44/2022|EPI_ISL_10709801|2022-01-30
hCoV-19/Bangladesh/BCSIR-BSMMU-43/2022|EPI_ISL_10708926|2022-01-30
hCoV-19/Bangladesh/BCSIR-BSMMU-48/2022|EPI_ISL_10722961|2022-01-20
hCoV-19/Bangladesh/BCSIR-BSMMU-46/2022|EPI_ISL_10722959|2022-01-30
hCoV-19/Bangladesh/icddrb-GSB03-232/2022|EPI_ISL_10724272|2022-02-17
hCoV-19/Bangladesh/icddrb-GSB03-237/2022|EPI_ISL_10724274|2022-02-21
hCoV-19/Bangladesh/icddrb-GSB03-239/2022|EPI_ISL_10724275|2022-02-22
hCoV-19/Bangladesh/icddrb-G141687/2022|EPI_ISL_10724278|2022-02-26
hCoV-19/Bangladesh/icddrb-G141434/2022|EPI_ISL_10724277|2022-02-23
hCoV-19/Bangladesh/icddrb-G141646/2022|EPI_ISL_10724269|2022-02-24
hCoV-19/Bangladesh/icddrb-G141642/2022|EPI_ISL_10724267|2022-02-24
hCoV-19/Bangladesh/icddrb-GSB03-234/2022|EPI_ISL_10724283|2022-02-19
hCoV-19/Bangladesh/icddrb-G141659/2022|EPI_ISL_10724287|2022-02-24
hCoV-19/Bangladesh/icddrb-G141655/2022|EPI_ISL_10724286|2022-02-24
hCoV-19/Bangladesh/icddrb-GSB03-229/2022|EPI_ISL_10724281|2022-02-16
hCoV-19/Bangladesh/icddrb-GSB03-228/2022|EPI_ISL_10724280|2022-02-16
hCoV-19/Bangladesh/icddrb-GSB03-236/2022|EPI_ISL_10727102|2022-02-21
hCoV-19/Bangladesh/icddrb-GSB06-100/2021|EPI_ISL_8996825|2021-12-31
hCoV-19/Bangladesh/icddrb-GSB11-142/2021|EPI_ISL_8996826|2021-12-19
hCoV-19/Bangladesh/icddrb-GSB11-145/2021|EPI_ISL_8996827|2021-12-20
hCoV-19/Bangladesh/icddrb-GSB11-150/2021|EPI_ISL_8996832|2021-12-20
hCoV-19/Bangladesh/CVASU-58/2022|EPI_ISL_9550430|2022-01-21
hCoV-19/Bangladesh/CVASU-59/2022|EPI_ISL_9550432|2022-01-21
hCoV-19/Bangladesh/CVASU-51/2022|EPI_ISL_9550426|2022-01-20
hCoV-19/Bangladesh/CVASU-52/2022|EPI_ISL_9550428|2022-01-20
hCoV-19/Bangladesh/CVASU/2022|EPI_ISL_9550435|2022-01-22
hCoV-19/Bangladesh/BCSIR-PRAVA-06/2022|EPI_ISL_9579584|2022-01-22
hCoV-19/Bangladesh/BCSIR-PRAVA-02/2022|EPI_ISL_9578953|2022-01-22
hCoV-19/Bangladesh/BCSIR-PRAVA-11/2022|EPI_ISL_9595661|2022-01-22
hCoV-19/Bangladesh/CHRF-1279/2022|EPI_ISL_14210954|2022-06-30
hCoV-19/Bangladesh/CHRF-1276/2022|EPI_ISL_14210951|2022-06-29
hCoV-19/Bangladesh/CHRF-1275/2022|EPI_ISL_14210950|2022-06-30
hCoV-19/Bangladesh/CHRF-1278/2022|EPI_ISL_14210953|2022-06-28
hCoV-19/Bangladesh/CHRF-1277/2022|EPI_ISL_14210952|2022-06-28
hCoV-19/Bangladesh/CHRF-1269/2022|EPI_ISL_14210944|2022-07-06
hCoV-19/Bangladesh/CHRF-1268/2022|EPI_ISL_14210943|2022-06-28
hCoV-19/Bangladesh/CHRF-1271/2022|EPI_ISL_14210946|2022-07-04
hCoV-19/Bangladesh/CHRF-1270/2022|EPI_ISL_14210945|2022-07-04
hCoV-19/Bangladesh/CHRF-1273/2022|EPI_ISL_14210948|2022-07-13
hCoV-19/Bangladesh/CHRF-1272/2022|EPI_ISL_14210947|2022-07-13
hCoV-19/Bangladesh/CHRF-1274/2022|EPI_ISL_14210949|2022-07-05
hCoV-19/Bangladesh/CHRF-1267/2022|EPI_ISL_14210942|2022-06-28
hCoV-19/Bangladesh/CHRF-1266/2022|EPI_ISL_14210941|2022-07-03
hCoV-19/Bangladesh/CHRF-0996/2022|EPI_ISL_9594572|2022-01-11
hCoV-19/Bangladesh/CHRF-0967/2022|EPI_ISL_9594570|2022-01-10
hCoV-19/Bangladesh/CHRF-0981/2022|EPI_ISL_9594573|2022-01-12
hCoV-19/Bangladesh/CHRF-0964/2022|EPI_ISL_9594568|2022-01-10
hCoV-19/Bangladesh/CHRF-0963/2022|EPI_ISL_9594567|2022-01-10
hCoV-19/Bangladesh/CHRF-0985/2022|EPI_ISL_9594586|2022-01-12
hCoV-19/Bangladesh/CHRF-0993/2022|EPI_ISL_9594577|2022-01-15
hCoV-19/Bangladesh/CHRF-0995/2022|EPI_ISL_9594578|2022-01-15
hCoV-19/Bangladesh/CHRF-1002/2022|EPI_ISL_9594590|2022-01-13
hCoV-19/Bangladesh/CHRF-0986/2022|EPI_ISL_9594588|2022-01-12
hCoV-19/Bangladesh/CHRF-0997/2022|EPI_ISL_9594589|2022-01-11
hCoV-19/Bangladesh/CHRF-GSB12-077/2022|EPI_ISL_9594542|2022-01-15
hCoV-19/Bangladesh/CHRF-GSB16-066/2022|EPI_ISL_9594543|2022-01-04
hCoV-19/Bangladesh/CHRF-GSB04-114/2022|EPI_ISL_9594540|2022-01-06
hCoV-19/Bangladesh/CHRF-GSB12-071/2022|EPI_ISL_9594541|2022-01-07
hCoV-19/Bangladesh/CHRF-GSB04-117/2022|EPI_ISL_9594536|2022-01-11
hCoV-19/Bangladesh/CHRF-GSB04-115/2022|EPI_ISL_9594539|2022-01-08
hCoV-19/Bangladesh/CHRF-GSB16-070/2022|EPI_ISL_9594545|2022-01-09
hCoV-19/Bangladesh/CHRF-0950/2022|EPI_ISL_9594560|2022-01-03
hCoV-19/Bangladesh/CHRF-0951/2022|EPI_ISL_9594561|2022-01-03
hCoV-19/Bangladesh/CHRF-0962/2022|EPI_ISL_9594564|2022-01-09
hCoV-19/Bangladesh/CHRF-0952/2022|EPI_ISL_9594562|2022-01-04
hCoV-19/Bangladesh/CHRF-0983/2021|EPI_ISL_9594558|2021-12-08
hCoV-19/Bangladesh/BSMMU-47/2022|EPI_ISL_10894069|2022-01
hCoV-19/Bangladesh/BSMMU-56/2022|EPI_ISL_10894090|2022-01
hCoV-19/Bangladesh/BSMMU-04/2022|EPI_ISL_10894076|2022-01
hCoV-19/Bangladesh/BSMMU-05/2022|EPI_ISL_10894077|2022-01
hCoV-19/Bangladesh/BSMMU-22/2022|EPI_ISL_10894081|2022-01
hCoV-19/Bangladesh/BSMMU-37/2022|EPI_ISL_10894084|2022-01
hCoV-19/Bangladesh/BSMMU-52/2022|EPI_ISL_10894089|2022-01
hCoV-19/Bangladesh/BSMMU-40/2022|EPI_ISL_10894052|2022-01
hCoV-19/Bangladesh/BSMMU-10/2022|EPI_ISL_10894055|2022-01
hCoV-19/Bangladesh/BSMMU-19/2022|EPI_ISL_10894059|2022-01
hCoV-19/Bangladesh/BSMMU-20/2022|EPI_ISL_10894060|2022-01
hCoV-19/Bangladesh/BSMMU-46/2022|EPI_ISL_10894068|2022-01
hCoV-19/Bangladesh/BSMMU-03/2022|EPI_ISL_10957649|2022-01
hCoV-19/Bangladesh/BSMMU-32/2022|EPI_ISL_10957650|2022-01
hCoV-19/Bangladesh/BCSIR-DU-403/2022|EPI_ISL_10957346|2022-01-23
hCoV-19/Bangladesh/BCSIR-DU-405/2022|EPI_ISL_10969425|2022-01-23
hCoV-19/Bangladesh/BCSIR-DU-407/2022|EPI_ISL_10969448|2022-01-23
hCoV-19/Bangladesh/CHRF-GSB07-113/2022|EPI_ISL_11204792|2022-02-17
hCoV-19/Bangladesh/icddrb-GSB13-137/2022|EPI_ISL_11204817|2022-02-07
hCoV-19/Bangladesh/icddrb-GSB13-139/2022|EPI_ISL_11204818|2022-02-14
hCoV-19/Bangladesh/icddrb-GSB12-092/2022|EPI_ISL_11204816|2022-02-06
hCoV-19/Bangladesh/CHRF-GSB14-249/2022|EPI_ISL_11204802|2022-02-16
hCoV-19/Bangladesh/CHRF-GSB14-251/2022|EPI_ISL_11204803|2022-02-28
hCoV-19/Bangladesh/CHRF-GSB11-263/2022|EPI_ISL_11204800|2022-02-23
hCoV-19/Bangladesh/icddrb-GSB10-139/2022|EPI_ISL_11204806|2022-02-03
hCoV-19/Bangladesh/CHRF-GSB14-255/2022|EPI_ISL_11204805|2022-02-16
hCoV-19/Bangladesh/CHRF-GSB04-142/2022|EPI_ISL_11204783|2022-02-28
hCoV-19/Bangladesh/CHRF-GSB04-144/2022|EPI_ISL_11204784|2022-02-15
hCoV-19/Bangladesh/CHRF-GSB11-260/2022|EPI_ISL_11204798|2022-02-20
hCoV-19/Bangladesh/CHRF-GSB07-110/2022|EPI_ISL_11204790|2022-02-16
hCoV-19/Bangladesh/CHRF-GSB07-109/2022|EPI_ISL_11204789|2022-02-16
hCoV-19/Bangladesh/icddrb-GSB14-238/2022|EPI_ISL_11204820|2022-02-07
hCoV-19/Bangladesh/icddrb-GSB14-240/2022|EPI_ISL_11204821|2022-02-07
hCoV-19/Bangladesh/icddrb-GSB13-140/2022|EPI_ISL_11204819|2022-02-14
hCoV-19/Bangladesh/icddrb-GSB03-242/2022|EPI_ISL_11204835|2022-03-03
hCoV-19/Bangladesh/icddrb-GSB03-244/2022|EPI_ISL_11204836|2022-03-03
hCoV-19/Bangladesh/icddrb-GSB03-247/2022|EPI_ISL_11204839|2022-03-02
hCoV-19/Bangladesh/icddrb-G142068/2022|EPI_ISL_11204831|2022-02-28
hCoV-19/Bangladesh/icddrb-G142070/2022|EPI_ISL_11204832|2022-02-28
hCoV-19/Bangladesh/icddrb-G142063/2022|EPI_ISL_11204830|2022-02-28
hCoV-19/Bangladesh/icddrb-GSB15-185/2022|EPI_ISL_11204825|2022-02-02
hCoV-19/Bangladesh/icddrb-GSB14-241/2022|EPI_ISL_11204822|2022-02-04
hCoV-19/Bangladesh/icddrb-GSB16-086/2022|EPI_ISL_11204828|2022-02-02
hCoV-19/Bangladesh/icddrb-GSB16-087/2022|EPI_ISL_11204829|2022-02-03
hCoV-19/Bangladesh/icddrb-GSB15-187/2022|EPI_ISL_11204826|2022-02-05
hCoV-19/Bangladesh/icddrb-GSB16-085/2022|EPI_ISL_11204827|2022-02-02
hCoV-19/Bangladesh/CHRF-1263/2022|EPI_ISL_14210939|2022-01-19
hCoV-19/Bangladesh/CHRF-1262/2022|EPI_ISL_14210938|2022-01-19
hCoV-19/Bangladesh/CHRF-1265/2022|EPI_ISL_14210940|2022-07-04
hCoV-19/Bangladesh/BSMMU_Laila_1045/2022|EPI_ISL_12511517|2022-01-31
hCoV-19/Bangladesh/BSMMU_Laila_1046/2022|EPI_ISL_12511518|2022-02-01
hCoV-19/Bangladesh/CHRF-1226/2022|EPI_ISL_12588341|2022-01-24
hCoV-19/Bangladesh/CHRF-1227/2022|EPI_ISL_12588342|2022-01-25
hCoV-19/Bangladesh/CHRF-1225/2022|EPI_ISL_12588340|2022-01-24
hCoV-19/Bangladesh/CHRF-1228/2022|EPI_ISL_12588343|2022-01-26
hCoV-19/Bangladesh/CHRF-1229/2022|EPI_ISL_12588344|2022-01-24
hCoV-19/Bangladesh/CHRF-1223/2022|EPI_ISL_12588338|2022-01-23
hCoV-19/Bangladesh/CHRF-1222/2022|EPI_ISL_12588337|2022-01-23
hCoV-19/Bangladesh/CHRF-1216/2022|EPI_ISL_12588331|2022-01-22
hCoV-19/Bangladesh/CHRF-1219/2022|EPI_ISL_12588334|2022-01-22
hCoV-19/Bangladesh/CHRF-1220/2022|EPI_ISL_12588335|2022-01-22
hCoV-19/Bangladesh/CHRF-1217/2022|EPI_ISL_12588332|2022-01-22
hCoV-19/Bangladesh/CHRF-1218/2022|EPI_ISL_12588333|2022-01-22
hCoV-19/Bangladesh/CHRF-1212/2022|EPI_ISL_12588327|2022-01-19
hCoV-19/Bangladesh/CHRF-1210/2022|EPI_ISL_12588325|2022-01-17
hCoV-19/Bangladesh/CHRF-1211/2022|EPI_ISL_12588326|2022-01-19
hCoV-19/Bangladesh/CHRF-1214/2022|EPI_ISL_12588329|2022-01-19
hCoV-19/Bangladesh/CHRF-GSB11-278/2022|EPI_ISL_12588320|2022-03-22
hCoV-19/Bangladesh/CHRF-1208/2022|EPI_ISL_12588323|2022-01-15
hCoV-19/Bangladesh/CHRF-1209/2022|EPI_ISL_12588324|2022-01-17
hCoV-19/Bangladesh/CHRF-GSB11-279/2022|EPI_ISL_12588321|2022-03-21
hCoV-19/Bangladesh/CHRF-1207/2022|EPI_ISL_12588322|2022-01-05
hCoV-19/Bangladesh/CHRF-GSB04-155/2022|EPI_ISL_12588316|2022-03-16
hCoV-19/Bangladesh/CHRF-GSB05-103/2022|EPI_ISL_12588317|2022-03-23
hCoV-19/Bangladesh/CHRF-GSB04-154/2022|EPI_ISL_12588315|2022-03-21
hCoV-19/Bangladesh/CHRF-GSB07-123/2022|EPI_ISL_12588318|2022-03-20
hCoV-19/Bangladesh/CHRF-GSB11-277/2022|EPI_ISL_12588319|2022-03-20
hCoV-19/Bangladesh/BSMMU_Laila_706/2021|EPI_ISL_12628326|2021-11-27
hCoV-19/Bangladesh/BSMMU_Laila_869/2022|EPI_ISL_12647831|2022-01-13
hCoV-19/Bangladesh/BSMMU_Laila_826/2022|EPI_ISL_12645962|2022-01-13
hCoV-19/Bangladesh/BSMMU_Laila_825/2022|EPI_ISL_12645961|2022-01-10
hCoV-19/Bangladesh/BSMMU_Laila_827/2022|EPI_ISL_12645963|2022-01-13
hCoV-19/Bangladesh/BSMMU_Laila_824/2022|EPI_ISL_12645960|2022-01-10
hCoV-19/Bangladesh/BSMMU_Laila_879/2022|EPI_ISL_12646735|2022-01-17
hCoV-19/Bangladesh/BSMMU_Laila_840/2022|EPI_ISL_12646727|2022-01-14
hCoV-19/Bangladesh/BSMMU_Laila_833/2022|EPI_ISL_12646695|2022-01-13
hCoV-19/Bangladesh/BSMMU_Laila_837/2022|EPI_ISL_12646697|2022-01-13
hCoV-19/Bangladesh/BSMMU_Laila_828/2022|EPI_ISL_12646127|2022-01-13
hCoV-19/Bangladesh/BSMMU_Laila_831/2022|EPI_ISL_12646129|2022-01-13
hCoV-19/Bangladesh/BSMMU_Laila_829/2022|EPI_ISL_12646128|2022-01-13
hCoV-19/Bangladesh/BSMMU_Laila_880/2022|EPI_ISL_12693968|2022-01-17
hCoV-19/Bangladesh/BSMMU_Laila_920/2022|EPI_ISL_12693969|2022-01-17
hCoV-19/Bangladesh/BSMMU_Laila_889/2022|EPI_ISL_12693966|2022-01-17
hCoV-19/Bangladesh/BSMMU_Laila_898/2022|EPI_ISL_12693967|2022-01-13
hCoV-19/Bangladesh/BSMMU_Laila_937/2022|EPI_ISL_12693981|2022-01-18
hCoV-19/Bangladesh/BSMMU_Laila_922/2022|EPI_ISL_12693971|2022-01-17
hCoV-19/Bangladesh/BSMMU_Laila_925/2022|EPI_ISL_12693972|2022-01-18
hCoV-19/Bangladesh/BSMMU_Laila_929/2022|EPI_ISL_12693975|2022-01-18
hCoV-19/Bangladesh/BSMMU_Laila_926/2022|EPI_ISL_12693973|2022-01-18
hCoV-19/Bangladesh/BSMMU_Laila_928/2022|EPI_ISL_12693974|2022-01-18
hCoV-19/Bangladesh/BSMMU_Laila_932/2022|EPI_ISL_12693978|2022-01-18
hCoV-19/Bangladesh/BSMMU_Laila_974/2022|EPI_ISL_12694441|2022-01-18
hCoV-19/Bangladesh/BSMMU_Laila_972/2022|EPI_ISL_12694440|2022-01-18
hCoV-19/Bangladesh/BSMMU_Laila_1007/2022|EPI_ISL_12700668|2022-01-19
hCoV-19/Bangladesh/icddrb-GAC2-363/2022|EPI_ISL_12845619|2022-01-02
hCoV-19/Bangladesh/icddrb-GAC2-362/2021|EPI_ISL_12845618|2021-12-30
hCoV-19/Bangladesh/icddrb-GAC2-358/2021|EPI_ISL_12845615|2021-12-29
hCoV-19/Bangladesh/icddrb-GAC2-361/2022|EPI_ISL_12845629|2022-01-02
hCoV-19/Bangladesh/icddrb-GAC2-387/2022|EPI_ISL_12845614|2022-01-07
hCoV-19/Bangladesh/icddrb-CoV12357/2022|EPI_ISL_15401618|2022-09-25
hCoV-19/Bangladesh/icddrb-CoV12361/2022|EPI_ISL_15401621|2022-09-25
hCoV-19/Bangladesh/icddrb-CoV12360/2022|EPI_ISL_15401620|2022-09-25
hCoV-19/Bangladesh/icddrb-CoV12354/2022|EPI_ISL_15401615|2022-09-25
hCoV-19/Bangladesh/icddrb-CoV12358/2022|EPI_ISL_15401619|2022-09-25
hCoV-19/Bangladesh/icddrb-CoV12355/2022|EPI_ISL_15401616|2022-09-25
hCoV-19/Bangladesh/icddrb-SV001/2022|EPI_ISL_15401647|2022-10-02
hCoV-19/Bangladesh/icddrb-CoV12404/2022|EPI_ISL_15401645|2022-10-11
hCoV-19/Bangladesh/icddrb-CoV12394/2022|EPI_ISL_15401640|2022-10-04
hCoV-19/Bangladesh/icddrb-SV017/2022|EPI_ISL_15401656|2022-10-04
hCoV-19/Bangladesh/icddrb-SV016/2022|EPI_ISL_15401655|2022-10-04
hCoV-19/Bangladesh/icddrb-SV009/2022|EPI_ISL_15401652|2022-10-03
hCoV-19/Bangladesh/icddrb-CoV12356/2022|EPI_ISL_15401617|2022-09-25
hCoV-19/Bangladesh/icddrb-CoV12405/2022|EPI_ISL_15401646|2022-10-11
hCoV-19/Bangladesh/icddrb-SV002/2022|EPI_ISL_15401648|2022-10-02
hCoV-19/Bangladesh/icddrb-SV005/2022|EPI_ISL_15401649|2022-10-02
hCoV-19/Bangladesh/icddrb-CoV12366/2022|EPI_ISL_15401623|2022-09-26
hCoV-19/Bangladesh/icddrb-CoV12398/2022|EPI_ISL_15401642|2022-10-06
hCoV-19/Bangladesh/icddrb-CoV12400/2022|EPI_ISL_15401643|2022-10-10
hCoV-19/Bangladesh/icddrb-SV006/2022|EPI_ISL_15401650|2022-10-02
hCoV-19/Bangladesh/icddrb-CoV12369/2022|EPI_ISL_15401625|2022-09-28
hCoV-19/Bangladesh/icddrb-CoV12374/2022|EPI_ISL_15401627|2022-09-28
hCoV-19/Bangladesh/icddrb-CoV12378/2022|EPI_ISL_15401630|2022-09-29
hCoV-19/Bangladesh/icddrb-CoV12379/2022|EPI_ISL_15401631|2022-09-29
hCoV-19/Bangladesh/icddrb-CoV12375/2022|EPI_ISL_15401628|2022-09-28
hCoV-19/Bangladesh/icddrb-CoV12376/2022|EPI_ISL_15401629|2022-09-28
hCoV-19/Bangladesh/icddrb-CoV12367/2022|EPI_ISL_15401624|2022-09-26
hCoV-19/Bangladesh/icddrb-CoV12401/2022|EPI_ISL_15401644|2022-10-10
hCoV-19/Bangladesh/icddrb-CoV12363/2022|EPI_ISL_15401622|2022-09-26
hCoV-19/Bangladesh/icddrb-CoV12380/2022|EPI_ISL_15401632|2022-09-28
hCoV-19/Bangladesh/icddrb-CoV12392/2022|EPI_ISL_15401638|2022-10-04
hCoV-19/Bangladesh/icddrb-CoV12390/2022|EPI_ISL_15401636|2022-10-03
hCoV-19/Bangladesh/icddrb-CoV12383/2022|EPI_ISL_15401634|2022-10-02
hCoV-19/Bangladesh/icddrb-CoV12388/2022|EPI_ISL_15401635|2022-10-03
hCoV-19/Bangladesh/icddrb-SV020/2022|EPI_ISL_15401659|2022-10-04
hCoV-19/Bangladesh/icddrb-SV012/2022|EPI_ISL_15401654|2022-10-03
hCoV-19/Bangladesh/icddrb-SV018/2022|EPI_ISL_15401657|2022-10-04
hCoV-19/Bangladesh/icddrb-CoV12391/2022|EPI_ISL_15401637|2022-10-03
hCoV-19/Bangladesh/icddrb-CoV12382/2022|EPI_ISL_15401633|2022-10-02
hCoV-19/Bangladesh/icddrb-SV019/2022|EPI_ISL_15401658|2022-10-04
hCoV-19/Bangladesh/icddrb-SV010/2022|EPI_ISL_15401653|2022-10-03
hCoV-19/Bangladesh/icddrb-CoV12393/2022|EPI_ISL_15401639|2022-10-04
hCoV-19/Bangladesh/icddrb-CoV12370/2022|EPI_ISL_15401626|2022-09-28
hCoV-19/Bangladesh/CHRF-1341/2022|EPI_ISL_16376411|2022-10-12
hCoV-19/Bangladesh/CHRF-1287/2022|EPI_ISL_15037425|2022-07-16
hCoV-19/Bangladesh/CHRF-1293/2022|EPI_ISL_15037424|2022-07-21
hCoV-19/Bangladesh/CHRF-1286/2022|EPI_ISL_15037427|2022-07-16
hCoV-19/Bangladesh/CHRF-1294/2022|EPI_ISL_15037429|2022-07-21
hCoV-19/Bangladesh/CHRF-1291/2022|EPI_ISL_15037431|2022-07-18
hCoV-19/Bangladesh/BCSIR-BSMMU-12/2022|EPI_ISL_9832259|2022-01-26
hCoV-19/Bangladesh/BCSIR-BSMMU-22/2022|EPI_ISL_9832269|2022-01-27
hCoV-19/Bangladesh/BCSIR-BSMMU-21/2022|EPI_ISL_9832268|2022-01-27
hCoV-19/Bangladesh/BCSIR-BSMMU-24/2022|EPI_ISL_9837716|2022-01-27
hCoV-19/Bangladesh/BCSIR-BSMMU-29/2022|EPI_ISL_9883062|2022-01-27
hCoV-19/Bangladesh/BCSIR-BSMMU-30/2022|EPI_ISL_9883063|2022-01-27
hCoV-19/Bangladesh/BCSIR-BSMMU-28/2022|EPI_ISL_9883061|2022-01-27
hCoV-19/Bangladesh/BCSIR-BSMMU-32/2022|EPI_ISL_9885952|2022-01-27
hCoV-19/Bangladesh/BCSIR-BSMMU-16/2022|EPI_ISL_9832263|2022-01-26
hCoV-19/Bangladesh/BCSIR-BSMMU-13/2022|EPI_ISL_9832260|2022-01-26
hCoV-19/Bangladesh/BCSIR-BSMMU-20/2022|EPI_ISL_9832267|2022-01-26
hCoV-19/Bangladesh/CHRF-GSB17-111/2022|EPI_ISL_9845371|2022-01-23
hCoV-19/Bangladesh/CHRF-GSB17-110/2022|EPI_ISL_9845370|2022-01-22
hCoV-19/Bangladesh/CHRF-GSB04-118/2022|EPI_ISL_9845374|2022-01-15
hCoV-19/Bangladesh/CHRF-GSB17-119/2022|EPI_ISL_9845373|2022-01-30
hCoV-19/Bangladesh/CHRF-GSB17-117/2022|EPI_ISL_9845372|2022-01-25
hCoV-19/Bangladesh/CHRF-GSB14-228/2022|EPI_ISL_9845363|2022-01-17
hCoV-19/Bangladesh/CHRF-GSB14-230/2022|EPI_ISL_9845364|2022-01-29
hCoV-19/Bangladesh/CHRF-GSB14-225/2022|EPI_ISL_9845362|2022-01-19
hCoV-19/Bangladesh/CHRF-GSB16-077/2022|EPI_ISL_9845368|2022-01-23
hCoV-19/Bangladesh/CHRF-GSB16-076/2022|EPI_ISL_9845367|2022-01-22
hCoV-19/Bangladesh/CHRF-GSB16-075/2022|EPI_ISL_9845366|2022-01-22
hCoV-19/Bangladesh/CHRF-GSB11-241/2022|EPI_ISL_9845358|2022-01-26
hCoV-19/Bangladesh/CHRF-GSB04-121/2022|EPI_ISL_9845352|2022-01-24
hCoV-19/Bangladesh/CHRF-GSB11-237/2022|EPI_ISL_9845357|2022-01-25
hCoV-19/Bangladesh/CHRF-GSB04-124/2022|EPI_ISL_9845354|2022-01-25
hCoV-19/Bangladesh/icddrb-GSB05-076/2022|EPI_ISL_9732672|2022-01-06
hCoV-19/India/WB-INSACOG-1931300575959/2022|EPI_ISL_9721221|2022-01-07
hCoV-19/Bangladesh/BCSIR-BSMMU-03/2022|EPI_ISL_9714191|2022-01-26
hCoV-19/Bangladesh/BCSIR-BSMMU-02/2022|EPI_ISL_9714190|2022-01-26
hCoV-19/Bangladesh/BCSIR-BSMMU-06/2022|EPI_ISL_9714193|2022-01-26
hCoV-19/Bangladesh/BCSIR-BSMMU-09/2022|EPI_ISL_9714328|2022-01-26
hCoV-19/Bangladesh/BCSIR-BSMMU-01/2022|EPI_ISL_9713698|2022-01-26
hCoV-19/Bangladesh/icddrb-GSB07-079/2022|EPI_ISL_9697250|2022-01-02
hCoV-19/Bangladesh/icddrb-GSB08-088/2022|EPI_ISL_9697258|2022-01-10
hCoV-19/Bangladesh/icddrb-GSB08-092/2022|EPI_ISL_9697260|2022-01-13
hCoV-19/Bangladesh/icddrb-GSB07-086/2022|EPI_ISL_9697253|2022-01-10
hCoV-19/Bangladesh/icddrb-GSB10-105/2022|EPI_ISL_9697268|2022-01-11
hCoV-19/Bangladesh/icddrb-GSB08-094/2022|EPI_ISL_9697262|2022-01-13
hCoV-19/Bangladesh/icddrb-GSB09-068/2022|EPI_ISL_9697264|2022-01-11
hCoV-19/Bangladesh/icddrb-GSB10-120/2022|EPI_ISL_9697271|2022-01-12
hCoV-19/Bangladesh/icddrb-GSB14-198/2022|EPI_ISL_9697279|2022-01-13
hCoV-19/Bangladesh/icddrb-GSB14-203/2022|EPI_ISL_9697282|2022-01-13
hCoV-19/Bangladesh/icddrb-GSB15-134/2022|EPI_ISL_9697285|2022-01-06
hCoV-19/Bangladesh/icddrb-GSB15-140/2022|EPI_ISL_9697286|2022-01-08
hCoV-19/Bangladesh/icddrb-GSB14-199/2022|EPI_ISL_9697280|2022-01-12
hCoV-19/Bangladesh/icddrb-GSB14-202/2022|EPI_ISL_9697281|2022-01-13
hCoV-19/Bangladesh/BCSIR-PRAVA-12/2022|EPI_ISL_9595662|2022-01-22
hCoV-19/Bangladesh/CHRF-1001/2022|EPI_ISL_9594592|2022-01-12
hCoV-19/Bangladesh/CHRF-0956/2022|EPI_ISL_9594591|2022-01-06
hCoV-19/Bangladesh/CHRF-GSB17-088/2022|EPI_ISL_9594531|2022-01-15
hCoV-19/Bangladesh/CHRF-GSB17-102/2022|EPI_ISL_9594532|2022-01-15
hCoV-19/Bangladesh/CHRF-GSB17-085/2022|EPI_ISL_9594530|2022-01-13
hCoV-19/Bangladesh/CHRF-GSB17-092/2022|EPI_ISL_9594529|2022-01-15
hCoV-19/Bangladesh/CHRF-GSB12-076/2022|EPI_ISL_9594535|2022-01-12
hCoV-19/Bangladesh/CHRF-0970/2022|EPI_ISL_9594553|2022-01-09
hCoV-19/Bangladesh/CHRF-GSB12-074/2022|EPI_ISL_9594534|2022-01-12
hCoV-19/Bangladesh/BCSIR-PRAVA-14/2022|EPI_ISL_9596610|2022-01-22
hCoV-19/Bangladesh/CHRF-0998/2022|EPI_ISL_9594554|2022-01-11
hCoV-19/Bangladesh/CHRF-0989/2022|EPI_ISL_9594555|2022-01-13
hCoV-19/Bangladesh/CHRF-0992/2022|EPI_ISL_9594557|2022-01-15
hCoV-19/Bangladesh/CHRF-0990/2022|EPI_ISL_9594556|2022-01-13
hCoV-19/Bangladesh/BCSIR-PRAVA-13/2022|EPI_ISL_9596558|2022-01-22
hCoV-19/Bangladesh/BCSIR-PRAVA-10/2022|EPI_ISL_9585125|2022-01-22
hCoV-19/Bangladesh/BCSIR-PRAVA-09/2022|EPI_ISL_9581854|2022-01-22
hCoV-19/Bangladesh/BCSIR-PRAVA-04/2022|EPI_ISL_9579209|2022-01-22
hCoV-19/Bangladesh/BCSIR-PRAVA-05/2022|EPI_ISL_9579583|2022-01-22
hCoV-19/Bangladesh/CVASU-56/2022|EPI_ISL_9550427|2022-01-21
hCoV-19/Bangladesh/CVASU-57/2022|EPI_ISL_9550429|2022-01-21
hCoV-19/Bangladesh/CVASU-54/2022|EPI_ISL_9550433|2022-01-22
hCoV-19/Bangladesh/INSACOG-1931502627121/2021|EPI_ISL_9473024|2021-12-28
hCoV-19/Bangladesh/icddrb-CoV12315/2022|EPI_ISL_15157638|2022-09-11
hCoV-19/Bangladesh/icddrb-G060/2022|EPI_ISL_15157635|2022-09-20
hCoV-19/Bangladesh/icddrb-CoV12328/2022|EPI_ISL_15157639|2022-09-14
hCoV-19/Bangladesh/icddrb-G063/2022|EPI_ISL_15157636|2022-09-20
hCoV-19/Bangladesh/icddrb-G066/2022|EPI_ISL_15157637|2022-09-20
hCoV-19/Bangladesh/icddrb-G148987/2022|EPI_ISL_15157642|2022-09-06
hCoV-19/Bangladesh/icddrb-CoV12317/2022|EPI_ISL_15157650|2022-09-12
hCoV-19/Bangladesh/icddrb-G149138/2022|EPI_ISL_15157677|2022-09-13
hCoV-19/Bangladesh/icddrb-CoV12353/2022|EPI_ISL_15157649|2022-09-22
hCoV-19/Bangladesh/icddrb-CoV12338/2022|EPI_ISL_15157648|2022-09-19
hCoV-19/Bangladesh/icddrb-G149140/2022|EPI_ISL_15157676|2022-09-14
hCoV-19/Bangladesh/icddrb-CoV12349/2022|EPI_ISL_15157674|2022-09-20
hCoV-19/Bangladesh/icddrb-G149139/2022|EPI_ISL_15157675|2022-09-14
hCoV-19/Bangladesh/icddrb-CoV12340/2022|EPI_ISL_15157673|2022-09-19
hCoV-19/Bangladesh/icddrb-CoV12344/2022|EPI_ISL_15157670|2022-09-19
hCoV-19/Bangladesh/icddrb-G149200/2022|EPI_ISL_15157663|2022-09-20
hCoV-19/Bangladesh/BSMMU_Laila_1099/2022|EPI_ISL_13871728|2022-06-21
hCoV-19/Bangladesh/BSMMU_Laila_1107/2022|EPI_ISL_13875669|2022-06-22
hCoV-19/Bangladesh/icddrb-CoV12253/2022|EPI_ISL_14986845|2022-07-21
hCoV-19/Bangladesh/icddrb-CoV12269/2022|EPI_ISL_14986848|2022-08-01
hCoV-19/Bangladesh/icddrb-CoV12255/2022|EPI_ISL_14986846|2022-07-24
hCoV-19/Bangladesh/icddrb-CoV12282/2022|EPI_ISL_14986851|2022-08-22
hCoV-19/Bangladesh/icddrb-CoV12275/2022|EPI_ISL_14986849|2022-08-07
hCoV-19/Bangladesh/icddrb-G148107/2022|EPI_ISL_14986872|2022-07-21
hCoV-19/Bangladesh/icddrb-G148044/2022|EPI_ISL_14986871|2022-07-24
hCoV-19/Bangladesh/CHRF-1232-Nov/2022|EPI_ISL_13578782|2022-06-07
hCoV-19/Bangladesh/BSMMU_Laila_1086/2022|EPI_ISL_13905465|2022-02-20
hCoV-19/Bangladesh/BSMMU_Laila_1151/2022|EPI_ISL_13905277|2022-06-26
hCoV-19/Bangladesh/BSMMU_Laila_1148/2022|EPI_ISL_13904993|2022-06-23
hCoV-19/Bangladesh/BSMMU_Laila_1152/2022|EPI_ISL_13905278|2022-06-26
hCoV-19/Bangladesh/BSMMU_Laila_1146/2022|EPI_ISL_13904991|2022-06-21
hCoV-19/Bangladesh/BSMMU_Laila_1149/2022|EPI_ISL_13904994|2022-06-23
hCoV-19/Bangladesh/BSMMU_Laila_933/2022|EPI_ISL_12310284|2022-01-18
hCoV-19/Bangladesh/icddrb-GSB14-259/2022|EPI_ISL_11905485|2022-03-10
hCoV-19/Bangladesh/BCSIR-PRAVA-07/2022|EPI_ISL_9579585|2022-01-22
hCoV-19/Bangladesh/BCSIR-BSMMU-17/2022|EPI_ISL_9832264|2022-01-26
hCoV-19/Bangladesh/BSMMU_Laila_900/2022|EPI_ISL_12309185|2022-01-13
hCoV-19/Bangladesh/CHRF-GSB04-146/2022|EPI_ISL_11204786|2022-02-23
hCoV-19/Bangladesh/BCSIR-CU-11/2022|EPI_ISL_11435986|2022-02-01
hCoV-19/Bangladesh/BCSIR-BSMMU-08/2022|EPI_ISL_9714286|2022-01-26
hCoV-19/Bangladesh/icddrb-G136340/2022|EPI_ISL_10406986|2022-02-01
hCoV-19/Bangladesh/BSMMU-41/2022|EPI_ISL_10894086|2022-01
hCoV-19/Bangladesh/CHRF-0971/2022|EPI_ISL_9594587|2022-01-09
hCoV-19/Bangladesh/BSMMU_Laila_801/2022|EPI_ISL_12248763|2022-01-12
hCoV-19/Bangladesh/BSMMU-14/2022|EPI_ISL_10894078|2022-01
hCoV-19/Bangladesh/CHRF-0982/2022|EPI_ISL_9594574|2022-01-12
hCoV-19/Bangladesh/CHRF-0969/2022|EPI_ISL_9594565|2022-01-09
hCoV-19/Bangladesh/BSMMU_Laila_958/2022|EPI_ISL_12332635|2022-01-27
hCoV-19/Bangladesh/icddrb-GSB14-161/2022|EPI_ISL_9697278|2022-01-09
hCoV-19/Bangladesh/icddrb-G136606/2022|EPI_ISL_10406987|2022-02-01
hCoV-19/Bangladesh/BSMMU_Laila_927/2022|EPI_ISL_12309987|2022-01-18
hCoV-19/Bangladesh/BSMMU_Laila_1054/2022|EPI_ISL_12511655|2022-02-01
hCoV-19/Bangladesh/icddrb-GSB05-074/2022|EPI_ISL_9697245|2022-01-03
hCoV-19/Bangladesh/BSMMU-49/2022|EPI_ISL_10894088|2022-01
hCoV-19/Bangladesh/CHRF-1221/2022|EPI_ISL_12588336|2022-01-23
hCoV-19/Bangladesh/BSMMU-21/2022|EPI_ISL_10894080|2022-01
hCoV-19/Bangladesh/icddrb-GSB11-269/2022|EPI_ISL_11905469|2022-03-05
hCoV-19/Bangladesh/CVASU-60/2022|EPI_ISL_9550434|2022-01-21
hCoV-19/Bangladesh/IEDCR-icddrb-GSB15-168/2022|EPI_ISL_10093703|2022-01-27
hCoV-19/Bangladesh/BSMMU_Laila_784/2022|EPI_ISL_12244489|2022-01-14
hCoV-19/Bangladesh/BSMMU_Laila_904/2022|EPI_ISL_12309189|2022-01-13
hCoV-19/Bangladesh/IEDCR-icddrb-GSB05-083/2022|EPI_ISL_10093690|2022-01-18
hCoV-19/Bangladesh/CHRF-GSB07-108/2022|EPI_ISL_10586936|2022-02-06
hCoV-19/Bangladesh/CHRF-GSB04-111/2022|EPI_ISL_9594537|2022-01-02
hCoV-19/Bangladesh/CHRF-0973/2022|EPI_ISL_9594571|2022-01-10
hCoV-19/Bangladesh/CHRF-0961/2022|EPI_ISL_9594563|2022-01-09
hCoV-19/Bangladesh/CHRF-0947/2021|EPI_ISL_9594559|2021-12-29
hCoV-19/Bangladesh/CHRF-GSB14-222/2022|EPI_ISL_9845360|2022-01-14
hCoV-19/Bangladesh/CHRF-GSB04-120/2022|EPI_ISL_9845351|2022-01-23
hCoV-19/Bangladesh/CHRF-GSB11-242/2022|EPI_ISL_9845359|2022-01-29
hCoV-19/Bangladesh/CHRF-GSB04-122/2022|EPI_ISL_9845353|2022-01-26
hCoV-19/Bangladesh/CHRF-0988/2022|EPI_ISL_9594575|2022-01-13
hCoV-19/Bangladesh/CHRF-GSB07-111/2022|EPI_ISL_11204791|2022-02-16
hCoV-19/Bangladesh/BCSIR-40/2022|EPI_ISL_11902991|2022-02-04
hCoV-19/Bangladesh/BSMMU_Laila_787/2022|EPI_ISL_12246091|2022-01-14
hCoV-19/Bangladesh/BSMMU_Laila_871/2022|EPI_ISL_12279291|2022-01-13
hCoV-19/Bangladesh/BSMMU_Laila_906/2022|EPI_ISL_12309191|2022-01-13
hCoV-19/Bangladesh/icddrb-GSB11-272/2022|EPI_ISL_11905472|2022-03-12
hCoV-19/Bangladesh/BSMMU_Laila_918/2022|EPI_ISL_12309982|2022-01-17
hCoV-19/Bangladesh/icddrb-G144873/2022|EPI_ISL_13613644|2022-06-21
hCoV-19/Bangladesh/icddrb-G145044/2022|EPI_ISL_13613645|2022-06-21
hCoV-19/Bangladesh/icddrb-CoV11852/2022|EPI_ISL_13613190|2022-06-21
hCoV-19/Bangladesh/icddrb-G144976/2022|EPI_ISL_13613194|2022-06-21
hCoV-19/Bangladesh/icddrb-G145041/2022|EPI_ISL_13613195|2022-06-21
hCoV-19/Bangladesh/icddrb-CoV11849/2022|EPI_ISL_13613187|2022-06-21
hCoV-19/Bangladesh/icddrb-CoV11851/2022|EPI_ISL_13613189|2022-06-21
hCoV-19/Bangladesh/icddrb-CoV11842/2022|EPI_ISL_13613182|2022-06-18
hCoV-19/Bangladesh/icddrb-CoV11843/2022|EPI_ISL_13613183|2022-06-20
hCoV-19/Bangladesh/icddrb-CoV11844/2022|EPI_ISL_13613184|2022-06-20
hCoV-19/Bangladesh/icddrb-CoV11848/2022|EPI_ISL_13613186|2022-06-20
hCoV-19/Bangladesh/icddrb-CoV11827/2022|EPI_ISL_13613173|2022-06-16
hCoV-19/Bangladesh/icddrb-G145077/2022|EPI_ISL_13613202|2022-06-21
hCoV-19/Bangladesh/BSMMU_Laila_907/2022|EPI_ISL_12309192|2022-01-13
hCoV-19/Bangladesh/CHRF-1338/2022|EPI_ISL_16376416|2022-10-08
hCoV-19/Bangladesh/CHRF-GSB07-114/2022|EPI_ISL_11204793|2022-02-17
hCoV-19/Bangladesh/CHRF-1335/2022|EPI_ISL_16376410|2022-09-24
hCoV-19/Bangladesh/CHRF-1340/2022|EPI_ISL_16376412|2022-10-08
hCoV-19/Bangladesh/CHRF-1333/2022|EPI_ISL_16376413|2022-09-21
hCoV-19/Bangladesh/CHRF-1342/2022|EPI_ISL_16376419|2022-10-13
hCoV-19/Bangladesh/CHRF-1334/2022|EPI_ISL_16376414|2022-09-22
hCoV-19/Bangladesh/CHRF-1330/2022|EPI_ISL_16376415|2022-09-17
hCoV-19/Bangladesh/CHRF-1337/2022|EPI_ISL_16376417|2022-10-02
hCoV-19/Bangladesh/CHRF-1331/2022|EPI_ISL_16376418|2022-09-19
hCoV-19/Bangladesh/CHRF-1332/2022|EPI_ISL_16376421|2022-09-21
hCoV-19/Bangladesh/CHRF-1339/2022|EPI_ISL_16376420|2022-10-08
hCoV-19/Bangladesh/BSMMU_Laila_790/2022|EPI_ISL_12247793|2022-01-14
hCoV-19/Bangladesh/BSMMU-34/2022|EPI_ISL_10894083|2022-01
hCoV-19/Bangladesh/BSMMU_Laila_1010/2022|EPI_ISL_12428355|2022-01-19
hCoV-19/Bangladesh/BCSIR-43/2022|EPI_ISL_11902994|2022-02-04
hCoV-19/Bangladesh/CHRF-GSB07-115/2022|EPI_ISL_11204794|2022-02-20
hCoV-19/Bangladesh/BSMMU_Laila_911/2022|EPI_ISL_12309294|2022-01-13
hCoV-19/Bangladesh/BSMMU_Laila_912/2022|EPI_ISL_12309394|2022-01-13
hCoV-19/Bangladesh/icddrb-CoV12309/2022|EPI_ISL_15157647|2022-09-07
hCoV-19/Bangladesh/icddrb-CoV12334/2022|EPI_ISL_15157671|2022-09-16
hCoV-19/Bangladesh/icddrb-CoV12345/2022|EPI_ISL_15157653|2022-09-20
hCoV-19/Bangladesh/icddrb-CoV12285/2022|EPI_ISL_14986853|2022-08-25
hCoV-19/Bangladesh/icddrb-CoV12284/2022|EPI_ISL_14986852|2022-08-24
hCoV-19/Bangladesh/icddrb-CoV12294/2022|EPI_ISL_14986854|2022-08-31
hCoV-19/Bangladesh/CHRF-GSB11-256/2022|EPI_ISL_11204795|2022-02-17
hCoV-19/Bangladesh/BSMMU_Laila_910/2022|EPI_ISL_12309195|2022-01-13
hCoV-19/Bangladesh/BSMMU_Laila_834/2022|EPI_ISL_12646696|2022-01-13
hCoV-19/Bangladesh/BSMMU-26/2022|EPI_ISL_10894062|2022-01
hCoV-19/Bangladesh/CHRF-GSB11-258/2022|EPI_ISL_11204796|2022-02-19
hCoV-19/Bangladesh/icddrb-GSB15-130/2022|EPI_ISL_9697284|2022-01-05
hCoV-19/Bangladesh/IEDCR-icddrb-GSB07-097/2022|EPI_ISL_10093696|2022-01-22
hCoV-19/Bangladesh/BSMMU_Laila_899/2022|EPI_ISL_12309184|2022-01-13
hCoV-19/Bangladesh/BSMMU_Laila_923/2022|EPI_ISL_12309984|2022-01-18
hCoV-19/Bangladesh/CHRF-GSB11-236/2022|EPI_ISL_9845356|2022-01-25
hCoV-19/Bangladesh/CHRF-GSB11-259/2022|EPI_ISL_11204797|2022-02-19
hCoV-19/Bangladesh/CHRF-GSB04-145/2022|EPI_ISL_11204785|2022-02-15
hCoV-19/Bangladesh/BCSIR-CU-10/2022|EPI_ISL_11435985|2022-02-01
hCoV-19/Bangladesh/BSMMU_Laila_944/2022|EPI_ISL_12314097|2022-01-24
hCoV-19/Bangladesh/BCSIR-BSMMU-47/2022|EPI_ISL_10722960|2022-01-30
hCoV-19/Bangladesh/BSMMU-11/2022|EPI_ISL_10894056|2022-01
hCoV-19/Bangladesh/BSMMU-59/2022|EPI_ISL_10894072|2022-01
hCoV-19/Bangladesh/icddrb-GSB03-238/2022|EPI_ISL_10724285|2022-02-22
hCoV-19/Bangladesh/icddrb-G138674/2022|EPI_ISL_10406998|2022-02-07
hCoV-19/Bangladesh/CHRF-GSB10-158/2022|EPI_ISL_11704656|2022-03-05
hCoV-19/Bangladesh/icddrb-GSB06-192/2022|EPI_ISL_13408124|2022-05-24
hCoV-19/Bangladesh/icddrb-GSB06-193/2022|EPI_ISL_13408123|2022-05-26
hCoV-19/Bangladesh/icddrb-GSB06-187/2022|EPI_ISL_13408125|2022-05-09
hCoV-19/Bangladesh/icddrb-GSB06-191/2022|EPI_ISL_13408122|2022-05-22
hCoV-19/Bangladesh/icddrb-GSB15-213/2022|EPI_ISL_13408128|2022-05-05
hCoV-19/Bangladesh/BSMMU_Laila_924/2022|EPI_ISL_12309985|2022-01-18
hCoV-19/Bangladesh/icddrb-GSB13-158/2022|EPI_ISL_11905480|2022-03-06
hCoV-19/Bangladesh/BSMMU_Laila_792/2022|EPI_ISL_12248756|2022-01-14
hCoV-19/Bangladesh/IEDCR-icddrb-GSB02-081/2022|EPI_ISL_10093699|2022-01-25
hCoV-19/Bangladesh/CHRF-GSB11-261/2022|EPI_ISL_11204799|2022-02-17
hCoV-19/Bangladesh/BSMMU_Laila_1056/2022|EPI_ISL_12511657|2022-02-01
hCoV-19/Bangladesh/BCSIR-BSMMU-23/2022|EPI_ISL_9837715|2022-01-27
hCoV-19/Bangladesh/BSMMU-51/2022|EPI_ISL_10894070|2022-01
hCoV-19/Bangladesh/CHRF-1224/2022|EPI_ISL_12588339|2022-01-24
hCoV-19/Bangladesh/BSMMU_Laila_931/2022|EPI_ISL_12693977|2022-01-18
hCoV-19/Bangladesh/CHRF-1215/2022|EPI_ISL_12588330|2022-01-20
hCoV-19/Bangladesh/icddrb-GSB03-256/2022|EPI_ISL_11905460|2022-03-13
hCoV-19/Bangladesh/BSMMU-33/2022|EPI_ISL_10894082|2022-01
hCoV-19/Bangladesh/BCSIR-BSMMU-11/2022|EPI_ISL_9714364|2022-01-26
hCoV-19/Bangladesh/CHRF-GSB04-147/2022|EPI_ISL_11204787|2022-02-16
hCoV-19/Bangladesh/icddrb-GSB05-096/2022|EPI_ISL_11516754|2022-02-15
hCoV-19/Bangladesh/CHRF-GSB11-233/2022|EPI_ISL_9845355|2022-01-23
hCoV-19/Bangladesh/icddrb-GSB13-127/2022|EPI_ISL_10315961|2022-01-21
hCoV-19/Bangladesh/BSMMU-42/2022|EPI_ISL_10894087|2022-01
hCoV-19/Bangladesh/BSMMU-38/2022|EPI_ISL_10894085|2022-01
hCoV-19/Bangladesh/BSMMU-07/2022|EPI_ISL_10894054|2022-01
hCoV-19/Bangladesh/icddrb-GSB05-095/2022|EPI_ISL_11516753|2022-02-14
hCoV-19/Bangladesh/icddrb-GSB08-122/2022|EPI_ISL_11516767|2022-02-17
hCoV-19/Bangladesh/icddrb-GSB06-149/2022|EPI_ISL_11516758|2022-02-20
hCoV-19/Bangladesh/icddrb-G135872/2022|EPI_ISL_10406984|2022-01-31
hCoV-19/Bangladesh/icddrb-GSB12-091/2022|EPI_ISL_11204815|2022-02-02
hCoV-19/Bangladesh/icddrb-GSB03-240/2022|EPI_ISL_10724276|2022-02-22
hCoV-19/Bangladesh/icddrb-G141378/2022|EPI_ISL_10724271|2022-02-22
hCoV-19/Bangladesh/icddrb-GSB10-128/2022|EPI_ISL_10315952|2022-01-20
hCoV-19/Bangladesh/icddrb-GSB12-083/2022|EPI_ISL_10315956|2022-01-20
hCoV-19/Bangladesh/icddrb-GSB12-087/2022|EPI_ISL_10315957|2022-01-26
hCoV-19/Bangladesh/IEDCR-icddrb-GSB02-077/2022|EPI_ISL_10093693|2022-01-20
hCoV-19/Bangladesh/icddrb-GSB03-258/2022|EPI_ISL_11905461|2022-03-21
hCoV-19/Bangladesh/icddrb-GSB06-156/2022|EPI_ISL_11905462|2022-03-01
hCoV-19/Bangladesh/BSMMU_Laila_791/2022|EPI_ISL_12248755|2022-01-14
hCoV-19/Bangladesh/CHRF-GSB04-148/2022|EPI_ISL_11204788|2022-02-28
hCoV-19/Bangladesh/CHRF-1257/2022|EPI_ISL_13761086|2022-06-27
hCoV-19/Bangladesh/CHRF-1255/2022|EPI_ISL_13761084|2022-06-25
hCoV-19/Bangladesh/CHRF-1253/2022|EPI_ISL_13761082|2022-06-25
hCoV-19/Bangladesh/icddrb-GSB08-086/2022|EPI_ISL_9697256|2022-01-06
hCoV-19/Bangladesh/icddrb-GSB08-089/2022|EPI_ISL_9697259|2022-01-12
hCoV-19/Bangladesh/BSMMU_Laila_903/2022|EPI_ISL_12309188|2022-01-13
hCoV-19/Bangladesh/BCSIR-DU-408/2022|EPI_ISL_11309851|2022-01-23
hCoV-19/Bangladesh/BCSIR-CU-08/2022|EPI_ISL_11435238|2022-02-01
hCoV-19/Bangladesh/BCSIR-BSMMU-38/2022|EPI_ISL_10708759|2022-01-27
hCoV-19/Bangladesh/BCSIR-BSMMU-41/2022|EPI_ISL_10708762|2022-01-30
hCoV-19/Bangladesh/BCSIR-DU-409/2022|EPI_ISL_11309874|2022-01-23
hCoV-19/Bangladesh/BCSIR-BSMMU-45/2022|EPI_ISL_10722958|2022-01-30
hCoV-19/Bangladesh/icddrb-GAC2-371/2022|EPI_ISL_13477150|2022-01-18
hCoV-19/Bangladesh/icddrb-GAC2-380/2022|EPI_ISL_13477151|2022-02-16
hCoV-19/Bangladesh/icddrb-GAC2-389/2022|EPI_ISL_13477153|2022-02-12
hCoV-19/Bangladesh/icddrb-GAC2-357/2022|EPI_ISL_13477149|2022-01-26
hCoV-19/Bangladesh/icddrb-GAC2-372/2022|EPI_ISL_13477164|2022-02-06
hCoV-19/Bangladesh/icddrb-GAC2-388/2022|EPI_ISL_13477166|2022-02-28
hCoV-19/Bangladesh/BSMMU_Laila_885/2022|EPI_ISL_12693965|2022-01-17
hCoV-19/Bangladesh/IEDCR-icddrb-GSB02-075/2022|EPI_ISL_10093689|2022-01-17
hCoV-19/Bangladesh/BSMMU_Laila_982/2022|EPI_ISL_12700665|2022-01-18
hCoV-19/Bangladesh/BCSIR-DU-411/2022|EPI_ISL_11309958|2022-01-24
hCoV-19/Bangladesh/icddrb-G141643/2022|EPI_ISL_10724268|2022-02-24
hCoV-19/Bangladesh/icddrb-GSB15-158/2022|EPI_ISL_9697290|2022-01-14
hCoV-19/Bangladesh/BCSIR-39/2022|EPI_ISL_11902990|2022-02-04
hCoV-19/Bangladesh/BSMMU-18/2022|EPI_ISL_10894058|2022-01
hCoV-19/Bangladesh/BSMMU_Laila_1006/2022|EPI_ISL_12428353|2022-01-19
hCoV-19/Bangladesh/BSMMU_Laila_905/2022|EPI_ISL_12309190|2022-01-13
hCoV-19/Bangladesh/BSMMU-35/2022|EPI_ISL_10894066|2022-01
hCoV-19/Bangladesh/CHRF-GSB04-116/2022|EPI_ISL_9594533|2022-01-09
hCoV-19/Bangladesh/CHRF-GSB16-069/2022|EPI_ISL_9594544|2022-01-08
